X,Y,Z
0.09066114574670792,0.011236725375056267,0.48692449927330017
0.09282025694847107,0.01183289848268032,0.4910127818584442
0.09488993883132935,0.012578857131302357,0.494601845741272
0.09691496938467026,0.013265703804790974,0.4975968599319458
0.0984218567609787,0.013750212267041206,0.4996173679828644
0.10025931149721146,0.014343921095132828,0.5022693872451782
0.10142499208450317,0.014804426580667496,0.5041999220848083
0.10272930562496185,0.01540176011621952,0.5066206455230713
0.10373466461896896,0.015964528545737267,0.5086634755134583
0.10431288182735443,0.016281064599752426,0.5103734731674194
0.10447612404823303,0.016491280868649483,0.5114912986755371
0.10423362255096436,0.01674574986100197,0.5127401947975159
0.10335606336593628,0.016599716618657112,0.5136800408363342
0.1019662469625473,0.016153739765286446,0.5141680836677551
0.10056603699922562,0.015849102288484573,0.5143100023269653
0.0980268344283104,0.0150570934638381,0.513908326625824
0.09576039761304855,0.014233273454010487,0.5131394267082214
0.09239659458398819,0.013024442829191685,0.5116697549819946
0.08877190947532654,0.011595691554248333,0.5100552439689636
0.08470669388771057,0.010161361657083035,0.5083662867546082
0.08044517040252686,0.008676044642925262,0.5064100623130798
0.07714642584323883,0.007649229373782873,0.5047544240951538
0.07245520502328873,0.006387210916727781,0.5023273229598999
0.06877841055393219,0.005606215912848711,0.5005950331687927
0.06360948830842972,0.004671045113354921,0.4988045394420624
0.05809594690799713,0.00393857853487134,0.4974176585674286
0.052502796053886414,0.003601966891437769,0.49597352743148804
0.04816802591085434,0.0035708483774214983,0.4949027895927429
0.04213159531354904,0.003773997537791729,0.49354612827301025
0.03592371195554733,0.004198072012513876,0.4921877384185791
0.02960776910185814,0.004692613612860441,0.4909819960594177
0.02486851066350937,0.005110483150929213,0.4901428520679474
0.018658136948943138,0.005713808815926313,0.4889657497406006
0.012705379165709019,0.0063663688488304615,0.48762887716293335
0.008379186503589153,0.0071070496924221516,0.4865937829017639
0.002705972408875823,0.008221358992159367,0.4852276146411896
-0.0027912575751543045,0.009148964658379555,0.4840051531791687
-0.007946000434458256,0.010010985657572746,0.48282888531684875
-0.011592677794396877,0.010604641400277615,0.48197752237319946
-0.01624881662428379,0.011358445510268211,0.48083290457725525
-0.020769460126757622,0.012211158871650696,0.4799058437347412
-0.0239504873752594,0.012952269054949284,0.4793413579463959
-0.027877256274223328,0.013865604996681213,0.4788191318511963
-0.03167938441038132,0.014878450892865658,0.47866079211235046
-0.03542996570467949,0.016009585931897163,0.47867831587791443
-0.03809288144111633,0.01695931702852249,0.47871488332748413
-0.041564881801605225,0.01848147064447403,0.47855445742607117
-0.04505014047026634,0.020451517775654793,0.4780309796333313
-0.047581445425748825,0.022081734612584114,0.47730740904808044
-0.05094712972640991,0.024350391700863838,0.4758777320384979
-0.05347680673003197,0.02621373161673546,0.4745067059993744
-0.05683430656790733,0.02888915315270424,0.4727840721607208
-0.06019332632422447,0.03193122521042824,0.47144442796707153
-0.06340193003416061,0.03522346541285515,0.4705476760864258
-0.06650524586439133,0.03857338801026344,0.4701797068119049
-0.06886513531208038,0.041136834770441055,0.47013556957244873
-0.07185164839029312,0.04451948031783104,0.47047051787376404
-0.07398912310600281,0.04712744057178497,0.47089263796806335
-0.07701987773180008,0.05071459710597992,0.4716990292072296
-0.0801910012960434,0.05417877435684204,0.47273463010787964
-0.0831306055188179,0.05739707499742508,0.47393906116485596
-0.0850294828414917,0.059758711606264114,0.4749337136745453
-0.08726029843091965,0.06296326220035553,0.47661489248275757
-0.08930795639753342,0.06606652587652206,0.47899767756462097
-0.09077758342027664,0.06829456239938736,0.48112964630126953
-0.09240002185106277,0.07118786126375198,0.48410385847091675
-0.09346549957990646,0.07391645759344101,0.4870217740535736
-0.0940849706530571,0.07580431550741196,0.4891809821128845
-0.09477939456701279,0.07823294401168823,0.4918779730796814
-0.0950021892786026,0.08067905902862549,0.49398910999298096
-0.09481582045555115,0.08294505625963211,0.4954765737056732
-0.09466109424829483,0.0843692272901535,0.4964137375354767
-0.09444081783294678,0.08617106080055237,0.4973764717578888
-0.0938730239868164,0.08775985240936279,0.4979303181171417
-0.09307724982500076,0.08881630748510361,0.49791526794433594
-0.09235750883817673,0.08930166810750961,0.49726226925849915
-0.0909510925412178,0.08971778303384781,0.49610069394111633
-0.08956978470087051,0.08997029066085815,0.49545353651046753
-0.0876932144165039,0.09003812074661255,0.49507391452789307
-0.08569306135177612,0.08979225903749466,0.49502238631248474
-0.08289304375648499,0.08915744721889496,0.49513161182403564
-0.08049266785383224,0.08849965780973434,0.4952826201915741
-0.077271968126297,0.08748875558376312,0.49574756622314453
-0.07366473227739334,0.08632990717887878,0.49625730514526367
-0.07061240822076797,0.08538545668125153,0.49659085273742676
-0.06653159111738205,0.08363543450832367,0.49705401062965393
-0.062154363840818405,0.08181674033403397,0.4977474808692932
-0.057296719402074814,0.08012866228818893,0.4987945258617401
-0.053429216146469116,0.07882536947727203,0.49965745210647583
-0.04792030155658722,0.07682235538959503,0.5011720061302185
-0.042459405958652496,0.07475811243057251,0.5032041668891907
-0.0371890589594841,0.07284513860940933,0.5054438710212708
-0.033190689980983734,0.07143113762140274,0.5074125528335571
-0.027581296861171722,0.06946511566638947,0.5102369785308838
-0.023391500115394592,0.06785336881875992,0.5123355984687805
-0.018249506130814552,0.06553850322961807,0.5147086977958679
-0.013442913070321083,0.0631551444530487,0.5168437957763672
-0.008724234998226166,0.060471974313259125,0.518886148929596
-0.005328074563294649,0.05854359269142151,0.5200739502906799
-0.0008526754099875689,0.05607767030596733,0.5209952592849731
0.0035249406937509775,0.05341053381562233,0.5213320255279541
0.0075937495566904545,0.05061156302690506,0.5216012597084045
0.010266784578561783,0.04829968884587288,0.5219727754592896
0.01354669127613306,0.04494467005133629,0.522696316242218
0.01637532375752926,0.041229043155908585,0.5235099196434021
0.018115947023034096,0.03818430379033089,0.5241387486457825
0.020036129280924797,0.03381386026740074,0.5248595476150513
0.02151031233370304,0.029135476797819138,0.5250060558319092
0.022195061668753624,0.02531980164349079,0.5246168971061707
0.022492650896310806,0.019914092496037483,0.5237014889717102
0.021906863898038864,0.013919005170464516,0.5227217674255371
0.02113543450832367,0.009287972934544086,0.5220211744308472
0.019942987710237503,0.002751041203737259,0.5208296775817871
0.018384627997875214,-0.0041544376872479916,0.5191923379898071
0.01663193479180336,-0.011245563626289368,0.5169124603271484
0.01446401234716177,-0.018514489755034447,0.5141820311546326
0.012537780217826366,-0.024036269634962082,0.5117822289466858
0.00985203217715025,-0.03129739686846733,0.507890522480011
0.007773450575768948,-0.036671239882707596,0.5049700140953064
0.0049597956240177155,-0.043966107070446014,0.5012732148170471
0.0021852683275938034,-0.05076875537633896,0.4979493319988251
0.00022438625455833972,-0.05560680478811264,0.495869904756546
-0.00220687547698617,-0.06179540604352951,0.49378541111946106
-0.004545705858618021,-0.06764098256826401,0.492500364780426
-0.006839859299361706,-0.07310929149389267,0.4920828342437744
-0.008439692668616772,-0.07698781788349152,0.49237945675849915
-0.010429736226797104,-0.08170981705188751,0.4932076036930084
-0.012399738654494286,-0.0858294665813446,0.4941054582595825
-0.014121263287961483,-0.08973277360200882,0.49499985575675964
-0.015261632390320301,-0.09242139756679535,0.4957242012023926
-0.016900628805160522,-0.0956168919801712,0.49626052379608154
-0.018234940245747566,-0.09771578013896942,0.4962138533592224
-0.02021482028067112,-0.10012674331665039,0.4958484470844269
-0.022337516769766808,-0.1022501066327095,0.4955636262893677
-0.024180402979254723,-0.1039738804101944,0.4951521158218384
-0.025424951687455177,-0.1051027700304985,0.4949246942996979
-0.026965884491801262,-0.10639454424381256,0.4945293068885803
-0.028539875522255898,-0.1072017177939415,0.49407297372817993
-0.02964814007282257,-0.10749205201864243,0.4935796558856964
-0.03089691326022148,-0.10735321044921875,0.4926506280899048
-0.03198201209306717,-0.10713706910610199,0.49179795384407043
-0.03285432979464531,-0.10665998607873917,0.4910270869731903
-0.0333053320646286,-0.10571876168251038,0.489959180355072
-0.0335032120347023,-0.1051056832075119,0.48908770084381104
-0.033874303102493286,-0.10435780882835388,0.48814642429351807
-0.03415121138095856,-0.1034437045454979,0.48746171593666077
-0.0341971181333065,-0.10275361686944962,0.48700064420700073
-0.03414371982216835,-0.10217774659395218,0.4868890941143036
-0.03390216454863548,-0.10151629894971848,0.4871203303337097
-0.03342172130942345,-0.10095493495464325,0.4872100353240967
-0.03240147978067398,-0.1003229096531868,0.48756054043769836
-0.031224694103002548,-0.09974732995033264,0.4885063171386719
-0.029413605108857155,-0.09898756444454193,0.4897501468658447
-0.02763882279396057,-0.09842506796121597,0.4911092221736908
-0.025128444656729698,-0.09793771058320999,0.49328798055648804
-0.0229729562997818,-0.09749285131692886,0.4946553409099579
-0.019822275266051292,-0.09678472578525543,0.4962320625782013
-0.016400696709752083,-0.09612174332141876,0.49762871861457825
-0.012744906358420849,-0.09540712088346481,0.49853813648223877
-0.010016321204602718,-0.0947529599070549,0.49906906485557556
-0.006372107192873955,-0.09398362785577774,0.49967896938323975
-0.0029055827762931585,-0.09365448355674744,0.5004578828811646
-0.00036675791488960385,-0.09346119314432144,0.5011283159255981
0.0028755362145602703,-0.09326362609863281,0.5018885135650635
0.005908968858420849,-0.09347385913133621,0.5025818347930908
0.008006786927580833,-0.09356102347373962,0.5030142664909363
0.010520312003791332,-0.09364643692970276,0.5035495758056641
0.012730554677546024,-0.09394729137420654,0.5041397213935852
0.014886831864714622,-0.09430519491434097,0.5047269463539124
0.01632322184741497,-0.0944470763206482,0.5050936937332153
0.0177298616617918,-0.09439314901828766,0.5055825114250183
0.018976835533976555,-0.09431511163711548,0.5057388544082642
0.020513584837317467,-0.09393854439258575,0.5053138732910156
0.021628117188811302,-0.09342439472675323,0.5047076344490051
0.02290615439414978,-0.09239979088306427,0.5033833980560303
0.02383694425225258,-0.09143923968076706,0.5019738078117371
0.024978114292025566,-0.08986938744783401,0.4994952976703644
0.026081642135977745,-0.0882197916507721,0.49651744961738586
0.0272666122764349,-0.0863155648112297,0.49322542548179626
0.028252316638827324,-0.08457107096910477,0.4905999004840851
0.029429588466882706,-0.08202365785837173,0.4869096875190735
0.03051157295703888,-0.07934949547052383,0.48323220014572144
0.031243745237588882,-0.07719700783491135,0.48078474402427673
0.03240291029214859,-0.07407965511083603,0.47800490260124207
0.0339207649230957,-0.07040528953075409,0.47573673725128174
0.035249438136816025,-0.06737136095762253,0.47455981373786926
0.037296682596206665,-0.06321077793836594,0.47364434599876404
0.03964761644601822,-0.058817654848098755,0.4733527600765228
0.042156003415584564,-0.05412980541586876,0.4732823073863983
0.04414840042591095,-0.05028915032744408,0.47330427169799805
0.04685499519109726,-0.045063041150569916,0.47342392802238464
0.04973785951733589,-0.03968038409948349,0.47341954708099365
0.05263708159327507,-0.03420764580368996,0.4733719229698181
0.05710585415363312,-0.024776635691523552,0.473224937915802
0.05921139940619469,-0.01951550506055355,0.4735437333583832
0.06056331470608711,-0.01573825255036354,0.4742913544178009
0.062052421271800995,-0.010768676176667213,0.47581544518470764
0.06337817758321762,-0.006025452166795731,0.47767990827560425
0.06428059190511703,-0.0026950042229145765,0.47913414239883423
0.06514739990234375,0.0015343122649937868,0.48111674189567566
0.06543773412704468,0.005873148329555988,0.48362308740615845
0.06556694954633713,0.01013842411339283,0.4866059422492981
0.06561398506164551,0.013086779974400997,0.4890109896659851
0.06540407985448837,0.016757400706410408,0.4920823574066162
0.06505270302295685,0.020373985171318054,0.4948420524597168
0.06440268456935883,0.023574067279696465,0.4972885549068451
0.06364069879055023,0.025897027924656868,0.4989367723464966
0.06229199469089508,0.028794273734092712,0.5011226534843445
0.06110510230064392,0.03079582378268242,0.502594530582428
0.059328317642211914,0.033346179872751236,0.5039879083633423
0.05747680738568306,0.03565767779946327,0.5046412944793701
0.056136760860681534,0.03715933859348297,0.5046775937080383
0.05422980338335037,0.03926105052232742,0.5045293569564819
0.05210364609956741,0.04143649339675903,0.5046457648277283
0.049968887120485306,0.04337354004383087,0.5048142075538635
0.04847531020641327,0.04479584842920303,0.5047701597213745
0.046441398561000824,0.04647637531161308,0.5042825937271118
0.044371020048856735,0.048021141439676285,0.5033434629440308
0.042280472815036774,0.04976998642086983,0.5022784471511841
0.04056034982204437,0.05095921829342842,0.5013414025306702
0.03828863427042961,0.052408769726753235,0.499874472618103
0.036399710923433304,0.053626649081707,0.4984387755393982
0.03511674329638481,0.0543840117752552,0.4974382519721985
0.033340465277433395,0.055414896458387375,0.49612900614738464
0.03129686415195465,0.05665431171655655,0.49485525488853455
0.029660962522029877,0.05729939788579941,0.4940912127494812
0.02735086902976036,0.057844921946525574,0.4934142827987671
0.0251951664686203,0.0584946945309639,0.4929768443107605
0.023102452978491783,0.05920738726854324,0.4930068850517273
0.021547751501202583,0.05979156121611595,0.49344730377197266
0.019267098978161812,0.06051497533917427,0.4943622052669525
0.016660403460264206,0.0609644278883934,0.4952007830142975
0.0146919721737504,0.06150614842772484,0.4956297278404236
0.01212033350020647,0.062345560640096664,0.49606558680534363
0.009359706193208694,0.06292559951543808,0.49622219800949097
0.006338146980851889,0.0633583664894104,0.4960934817790985
0.004070815164595842,0.06374534964561462,0.49584460258483887
0.0010864909272640944,0.06428703665733337,0.49533453583717346
-0.0012311257887631655,0.0646892786026001,0.49483320116996765
-0.004362698644399643,0.06514263898134232,0.49412915110588074
-0.007450832054018974,0.06548438221216202,0.4928456246852875
-0.010250371880829334,0.0654621347784996,0.4912663400173187
-0.012840727344155312,0.06537572294473648,0.48976051807403564
-0.014928453601896763,0.0651693344116211,0.488974928855896
-0.017627857625484467,0.06473283469676971,0.4881414771080017
-0.020037835463881493,0.06413315236568451,0.4876723885536194
-0.021654833108186722,0.06355792284011841,0.48777586221694946
-0.023752223700284958,0.0627196729183197,0.488482803106308
-0.02584431879222393,0.061991408467292786,0.4897397756576538
-0.027228698134422302,0.06133592873811722,0.49090951681137085
-0.02899724803864956,0.060427673161029816,0.4925782382488251
-0.03072458691895008,0.05992778763175011,0.49404552578926086
-0.03241309896111488,0.05937729403376579,0.49532461166381836
-0.0335669182240963,0.05904692783951759,0.49584946036338806
-0.03469278663396835,0.058929428458213806,0.49601271748542786
-0.03580228611826897,0.05855591222643852,0.49609509110450745
-0.0368342287838459,0.05831578001379967,0.49607226252555847
-0.038190290331840515,0.05825585499405861,0.4955607056617737
-0.03906155750155449,0.05828511714935303,0.4943656027317047
-0.03974101319909096,0.05825048312544823,0.4933641850948334
-0.04110872372984886,0.057988349348306656,0.4923563599586487
-0.043015748262405396,0.058034028857946396,0.49144503474235535
-0.04514545202255249,0.058185361325740814,0.4905458688735962
-0.04696222394704819,0.057879865169525146,0.4902355968952179
-0.04987437278032303,0.057030726224184036,0.49009978771209717
-0.0523880198597908,0.056506138294935226,0.49001988768577576
-0.05672421306371689,0.055458296090364456,0.48969796299934387
-0.061981942504644394,0.05365856736898422,0.4888876974582672
-0.06789866089820862,0.05134858936071396,0.4876883924007416
-0.07478843629360199,0.0487353689968586,0.48627573251724243
-0.08047749847173691,0.04670409858226776,0.48521631956100464
-0.08852456510066986,0.04365666210651398,0.4840390384197235
-0.0950809195637703,0.04093588516116142,0.4833274185657501
-0.1044996902346611,0.03718172386288643,0.4824938178062439
-0.11467219144105911,0.03316166251897812,0.4820796549320221
-0.12533456087112427,0.02909262292087078,0.4820842742919922
-0.13327434659004211,0.026006413623690605,0.48236197233200073
-0.14406108856201172,0.021256519481539726,0.4830789268016815
-0.15549525618553162,0.01659022644162178,0.4841274917125702
-0.16736938059329987,0.01176482904702425,0.4853336811065674
-0.17616154253482819,0.007761511951684952,0.48629945516586304
-0.18782535195350647,0.0020932937040925026,0.48801207542419434
-0.196719691157341,-0.0021311279851943254,0.4896458089351654
-0.20869900286197662,-0.008080107159912586,0.4917249381542206
-0.22070032358169556,-0.014264571480453014,0.49335089325904846
-0.23287075757980347,-0.020533761009573936,0.4944206476211548
-0.24498265981674194,-0.026948433369398117,0.4953041672706604
-0.25418850779533386,-0.03193062171339989,0.49607834219932556
-0.2663925588130951,-0.038710083812475204,0.4969089925289154
-0.27543094754219055,-0.04386676475405693,0.4973929226398468
-0.28741487860679626,-0.0506783053278923,0.4978610575199127
-0.29933080077171326,-0.05746575444936752,0.49821531772613525
-0.31103989481925964,-0.06425432115793228,0.49856120347976685
-0.31967952847480774,-0.06928735226392746,0.498889297246933
-0.33110177516937256,-0.0760086253285408,0.4993019104003906
-0.3422068655490875,-0.0826537236571312,0.49945953488349915
-0.3502606749534607,-0.0875888541340828,0.4992017149925232
-0.36047685146331787,-0.09414137154817581,0.49854233860969543
-0.3702545166015625,-0.10074321180582047,0.4979628026485443
-0.3797042667865753,-0.1071467399597168,0.49754542112350464
-0.3863700330257416,-0.11176079511642456,0.4973125755786896
-0.39445412158966064,-0.11772101372480392,0.49706530570983887
-0.40205302834510803,-0.12404859066009521,0.49697136878967285
-0.40923744440078735,-0.13029073178768158,0.49729400873184204
-0.4141415059566498,-0.1346578449010849,0.497685968875885
-0.42014750838279724,-0.14034518599510193,0.49807634949684143
-0.4243134558200836,-0.14462819695472717,0.4982433617115021
-0.4293932318687439,-0.150260329246521,0.49823814630508423
-0.4384877681732178,-0.1611943244934082,0.4985418915748596
-0.4416044056415558,-0.1650567501783371,0.49866995215415955
-0.44559192657470703,-0.17032377421855927,0.4986715614795685
-0.44918128848075867,-0.17574343085289001,0.49820879101753235
-0.452546626329422,-0.18123722076416016,0.49749869108200073
-0.4549076557159424,-0.185402974486351,0.4969913363456726
-0.4577166438102722,-0.19100283086299896,0.49642083048820496
-0.46015530824661255,-0.1968066245317459,0.4962604343891144
-0.4616785943508148,-0.20123796164989471,0.49636781215667725
-0.4635358154773712,-0.2074488401412964,0.49685463309288025
-0.465079665184021,-0.21401084959506989,0.4975793659687042
-0.46587276458740234,-0.21909880638122559,0.4983271062374115
-0.46643492579460144,-0.2262953668832779,0.49983909726142883
-0.46677613258361816,-0.23363347351551056,0.5017812252044678
-0.4668653905391693,-0.23922722041606903,0.5034282207489014
-0.46692878007888794,-0.2470061033964157,0.5057223439216614
-0.4670122265815735,-0.25506356358528137,0.5081173181533813
-0.46691662073135376,-0.26325753331184387,0.5105124711990356
-0.46673041582107544,-0.26953041553497314,0.5121471285820007
-0.46641597151756287,-0.27793028950691223,0.5139908790588379
-0.4661012589931488,-0.28659212589263916,0.5156421661376953
-0.4659399390220642,-0.2932603061199188,0.5167601108551025
-0.4656693935394287,-0.3022199273109436,0.517816960811615
-0.464997261762619,-0.31130391359329224,0.5184836387634277
-0.464180052280426,-0.3205801248550415,0.5192010402679443
-0.4636020362377167,-0.32743003964424133,0.5198937654495239
-0.46280133724212646,-0.3366885781288147,0.5208630561828613
-0.4618802070617676,-0.3460797071456909,0.5215407013893127
-0.461042582988739,-0.3530939221382141,0.5217446088790894
-0.45977282524108887,-0.362496554851532,0.521851122379303
-0.4584527611732483,-0.3718925714492798,0.5219088196754456
-0.45741039514541626,-0.37902116775512695,0.5219336152076721
-0.4558252990245819,-0.3886253237724304,0.5219326615333557
-0.4541584849357605,-0.3980557322502136,0.5219078660011292
-0.45255374908447266,-0.4072466790676117,0.5218052268028259
-0.4514428675174713,-0.41413432359695435,0.521640419960022
-0.4498428702354431,-0.4233293831348419,0.5213173031806946
-0.44802147150039673,-0.43232303857803345,0.5207955241203308
-0.4461860656738281,-0.4411775767803192,0.5199632048606873
-0.4448026716709137,-0.44763994216918945,0.519085168838501
-0.4427640736103058,-0.45619091391563416,0.5177847743034363
-0.44105175137519836,-0.4624870717525482,0.5168198943138123
-0.43870559334754944,-0.47045767307281494,0.5154527425765991
-0.4362123906612396,-0.4782872498035431,0.5138534903526306
-0.4343060553073883,-0.4840722382068634,0.5124573111534119
-0.43092724680900574,-0.49312520027160645,0.5097784399986267
-0.4286413788795471,-0.4983755052089691,0.5081518292427063
-0.42535400390625,-0.5050236582756042,0.5059020519256592
-0.4228999614715576,-0.5097249150276184,0.5041605234146118
-0.41946515440940857,-0.5159223079681396,0.5019610524177551
-0.41565024852752686,-0.5218791961669922,0.5001776814460754
-0.4128010869026184,-0.5259770154953003,0.4991547167301178
-0.40876102447509766,-0.5313112139701843,0.49807050824165344
-0.4041437804698944,-0.536677360534668,0.4971563518047333
-0.39896920323371887,-0.541871190071106,0.49664217233657837
-0.3948783576488495,-0.5455500483512878,0.49674004316329956
-0.38943713903427124,-0.5501736402511597,0.4974418878555298
-0.38379141688346863,-0.5547945499420166,0.4984274208545685
-0.37777823209762573,-0.5592328310012817,0.4994427561759949
-0.37299564480781555,-0.5623348355293274,0.5000544786453247
-0.3665219247341156,-0.566265344619751,0.500677227973938
-0.3616906702518463,-0.5691547989845276,0.500913679599762
-0.3553191125392914,-0.5728481411933899,0.500764012336731
-0.34899044036865234,-0.5762470960617065,0.5002219676971436
-0.3425948917865753,-0.5793845057487488,0.49942001700401306
-0.33623993396759033,-0.5823084712028503,0.4986026883125305
-0.33150023221969604,-0.5842875838279724,0.4981231689453125
-0.3251579999923706,-0.5865911245346069,0.49769702553749084
-0.3204456567764282,-0.5880528688430786,0.4974219799041748
-0.3143761157989502,-0.5900391936302185,0.4971565306186676
-0.30846235156059265,-0.5919272303581238,0.49715864658355713
-0.30242666602134705,-0.593495786190033,0.49717798829078674
-0.2977646589279175,-0.5946043729782104,0.49719589948654175
-0.2913239896297455,-0.5961964130401611,0.497121125459671
-0.2848133146762848,-0.5976569056510925,0.49723389744758606
-0.27856969833374023,-0.598988950252533,0.4977937340736389
-0.27409327030181885,-0.5999422669410706,0.49845173954963684
-0.2681061625480652,-0.6012126207351685,0.4994279146194458
-0.2635117173194885,-0.6020587682723999,0.5000532865524292
-0.25739723443984985,-0.6028707027435303,0.5005478858947754
-0.2512107789516449,-0.6035387516021729,0.5007230043411255
-0.24489706754684448,-0.6045405864715576,0.5006076693534851
-0.24044983088970184,-0.6053227782249451,0.5004167556762695
-0.23475782573223114,-0.6058542132377625,0.49987369775772095
-0.22929850220680237,-0.6061133742332458,0.4992331862449646
-0.22527886927127838,-0.6063824892044067,0.498805433511734
-0.22026953101158142,-0.6066842675209045,0.49814730882644653
-0.21555814146995544,-0.607094943523407,0.49750640988349915
-0.21077293157577515,-0.6073033809661865,0.4966737926006317
-0.20699287950992584,-0.6071895956993103,0.4959610104560852
-0.20177990198135376,-0.6068525910377502,0.49518275260925293
-0.196273535490036,-0.606532096862793,0.49483227729797363
-0.1919509917497635,-0.6061906814575195,0.49474290013313293
-0.1857629418373108,-0.6054680347442627,0.4941979646682739
-0.17936581373214722,-0.6048917770385742,0.4936766028404236
-0.17282909154891968,-0.604552686214447,0.49339568614959717
-0.1676672101020813,-0.604360818862915,0.4932253956794739
-0.1603994518518448,-0.6040417551994324,0.49274179339408875
-0.1529017835855484,-0.6036116480827332,0.49248403310775757
-0.14514267444610596,-0.6034658551216125,0.4922100603580475
-0.13914604485034943,-0.6033498644828796,0.49204108119010925
-0.13147690892219543,-0.6032642126083374,0.4922390878200531
-0.12597566843032837,-0.6031827330589294,0.4927729368209839
-0.1184556633234024,-0.6031091213226318,0.4937748908996582
-0.11077859997749329,-0.6030675768852234,0.49490079283714294
-0.10526526719331741,-0.602963924407959,0.4960183799266815
-0.09816093742847443,-0.6026346683502197,0.49766504764556885
-0.09137984365224838,-0.6023533940315247,0.4994320869445801
-0.084787517786026,-0.6020853519439697,0.5007264018058777
-0.07979515939950943,-0.6016452312469482,0.5013646483421326
-0.07309963554143906,-0.6009515523910522,0.5020239949226379
-0.06661257147789001,-0.600295901298523,0.5025427341461182
-0.061974555253982544,-0.5997449159622192,0.5029182434082031
-0.05588148534297943,-0.5986697673797607,0.5032562017440796
-0.049634624272584915,-0.597318172454834,0.5027964115142822
-0.04342395067214966,-0.5959041714668274,0.5017090439796448
-0.03896580636501312,-0.5948704481124878,0.5006060004234314
-0.03332198038697243,-0.593341588973999,0.49918368458747864
-0.02795073390007019,-0.5916274785995483,0.4979398250579834
-0.023899735882878304,-0.5901942253112793,0.4972366988658905
-0.01844784989953041,-0.5883210301399231,0.4962984323501587
-0.013097725808620453,-0.5865347385406494,0.4952095150947571
-0.007738350424915552,-0.5848720073699951,0.493912011384964
-0.003645271761342883,-0.5836238861083984,0.4927057921886444
0.0018486144253984094,-0.5819292664527893,0.49084728956222534
0.007367006503045559,-0.580318033695221,0.48907849192619324
0.011564060114324093,-0.5792365074157715,0.488032728433609
0.01737016625702381,-0.5778979659080505,0.48696985840797424
0.0235406793653965,-0.576677143573761,0.48606497049331665
0.029862888157367706,-0.5753545761108398,0.48528286814689636
0.03474462777376175,-0.5743364095687866,0.4847813546657562
0.04130059853196144,-0.573138952255249,0.4846391975879669
0.046281199902296066,-0.5722700953483582,0.4849817752838135
0.05339000001549721,-0.5709559917449951,0.48582923412323
0.06082402914762497,-0.5694752335548401,0.48678329586982727
0.0681249350309372,-0.5680637359619141,0.487770140171051
0.073637455701828,-0.5667624473571777,0.48857101798057556
0.08128618448972702,-0.5647915601730347,0.48978927731513977
0.08913561701774597,-0.5625758171081543,0.4912589490413666
0.09498118609189987,-0.5608068108558655,0.49257171154022217
0.10282769054174423,-0.5581580996513367,0.4946160316467285
0.11084107309579849,-0.5552942156791687,0.49671971797943115
0.11923401802778244,-0.5521451234817505,0.49854832887649536
0.1256309300661087,-0.549726665019989,0.4997016489505768
0.13409318029880524,-0.5464240312576294,0.5012376308441162
0.14265818893909454,-0.5430643558502197,0.5027794241905212
0.15142294764518738,-0.539450466632843,0.5042140483856201
0.15819495916366577,-0.53657466173172,0.5050743818283081
0.16754552721977234,-0.5328834056854248,0.5059990286827087
0.17463089525699615,-0.5303765535354614,0.5064131617546082
0.18412888050079346,-0.526978075504303,0.5064319372177124
0.19359667599201202,-0.5235979557037354,0.5060897469520569
0.202959343791008,-0.5204700827598572,0.5057655572891235
0.21008184552192688,-0.5181679129600525,0.5053887963294983
0.21974381804466248,-0.5152105093002319,0.5047284364700317
0.22942690551280975,-0.5125719308853149,0.5039901733398438
0.23668326437473297,-0.5107730627059937,0.5034640431404114
0.2463941127061844,-0.5086880922317505,0.5028192400932312
0.2561199963092804,-0.5066846013069153,0.5024661421775818
0.2657677233219147,-0.5048751831054688,0.5025429725646973
0.27297893166542053,-0.5037594437599182,0.5027561187744141
0.28244832158088684,-0.5026031136512756,0.5030248761177063
0.2917349934577942,-0.5015793442726135,0.5032459497451782
0.29853519797325134,-0.5009282231330872,0.5034654140472412
0.3072085380554199,-0.500198483467102,0.5038503408432007
0.3155803084373474,-0.4995015859603882,0.5039423704147339
0.3236541748046875,-0.49884864687919617,0.5035220384597778
0.32935044169425964,-0.49849432706832886,0.5029208064079285
0.3364178240299225,-0.49795615673065186,0.5016343593597412
0.3414478302001953,-0.497491717338562,0.5003361105918884
0.34793826937675476,-0.49699917435646057,0.49806106090545654
0.3541087210178375,-0.4964594542980194,0.49534958600997925
0.3597438931465149,-0.4958304166793823,0.4927982687950134
0.3638410270214081,-0.49521559476852417,0.49104049801826477
0.36915862560272217,-0.4942794740200043,0.48875173926353455
0.3743993639945984,-0.49308907985687256,0.48643651604652405
0.37950602173805237,-0.49142083525657654,0.48396405577659607
0.3832060396671295,-0.4899917542934418,0.48213478922843933
0.3880413770675659,-0.4879380762577057,0.4797261953353882
0.39279860258102417,-0.48546427488327026,0.4776135981082916
0.39636358618736267,-0.48330315947532654,0.4763459265232086
0.40099862217903137,-0.48013556003570557,0.47505950927734375
0.40560922026634216,-0.4765874743461609,0.4741354286670685
0.4101443588733673,-0.47276902198791504,0.47378283739089966
0.4133627116680145,-0.46968522667884827,0.4740592837333679
0.41750141978263855,-0.4652472734451294,0.47495323419570923
0.42162492871284485,-0.46051540970802307,0.47624969482421875
0.4246423840522766,-0.4568955898284912,0.47749772667884827
0.4285723567008972,-0.45185619592666626,0.47941550612449646
0.43243879079818726,-0.44671475887298584,0.4814329743385315
0.43524351716041565,-0.44281771779060364,0.4829275608062744
0.4389655888080597,-0.43746867775917053,0.48467448353767395
0.4426313638687134,-0.43205973505973816,0.48616108298301697
0.4454476535320282,-0.42804619669914246,0.487104207277298
0.4492667019367218,-0.4226747751235962,0.48816272616386414
0.45302754640579224,-0.4173055589199066,0.48914164304733276
0.4560668468475342,-0.41317427158355713,0.4897863268852234
0.4605559706687927,-0.4074418544769287,0.4907574951648712
0.4652540683746338,-0.4015544354915619,0.49196740984916687
0.47008803486824036,-0.39565417170524597,0.49335289001464844
0.47380954027175903,-0.39122065901756287,0.4944384694099426
0.4789554476737976,-0.38519594073295593,0.49576494097709656
0.48441898822784424,-0.37894928455352783,0.49669432640075684
0.49019426107406616,-0.3724322021007538,0.4972773492336273
0.49610909819602966,-0.36599960923194885,0.4975253939628601
0.5007132291793823,-0.36118385195732117,0.49748626351356506
0.5067970156669617,-0.3548067510128021,0.4972221255302429
0.5112859010696411,-0.350027859210968,0.4968571066856384
0.5173836350440979,-0.3437361419200897,0.4960786998271942
0.523339033126831,-0.33760154247283936,0.4949907660484314
0.5290631055831909,-0.3315120339393616,0.4940580427646637
0.5332834124565125,-0.32698094844818115,0.4937242269515991
0.5387206673622131,-0.32112202048301697,0.49369826912879944
0.5439676642417908,-0.315152108669281,0.4938054382801056
0.5477476119995117,-0.31083929538726807,0.493934690952301
0.5524644255638123,-0.30540794134140015,0.49417027831077576
0.5569568872451782,-0.30001744627952576,0.49450361728668213
0.5602705478668213,-0.29586291313171387,0.4947783350944519
0.5647064447402954,-0.29022350907325745,0.4953756630420685
0.5688563585281372,-0.2846640646457672,0.4964028298854828
0.5727663636207581,-0.2791636884212494,0.4975692629814148
0.5756258368492126,-0.2750796675682068,0.4984026551246643
0.5793519020080566,-0.26971369981765747,0.4991179406642914
0.5829259753227234,-0.26426148414611816,0.4996342360973358
0.5853907465934753,-0.2601887881755829,0.5000078678131104
0.5884240865707397,-0.25476670265197754,0.5004659295082092
0.5912163257598877,-0.2493836134672165,0.5008276700973511
0.5930429100990295,-0.2454753965139389,0.501118540763855
0.5949996113777161,-0.24041223526000977,0.5016255378723145
0.5965258479118347,-0.2352023720741272,0.5020532608032227
0.5978923439979553,-0.23011068999767303,0.5022665858268738
0.5986795425415039,-0.2264038771390915,0.502392590045929
0.5993323922157288,-0.22153405845165253,0.5026268362998962
0.5997748374938965,-0.21642841398715973,0.5025506615638733
0.5999077558517456,-0.2125266045331955,0.5023141503334045
0.5997893810272217,-0.2074490636587143,0.5016205906867981
0.5994545221328735,-0.2022690773010254,0.500737190246582
0.5988535284996033,-0.19683462381362915,0.49998340010643005
0.5982872247695923,-0.1925947666168213,0.4994983375072479
0.5975928902626038,-0.1868542730808258,0.49871307611465454
0.5967779755592346,-0.1806979477405548,0.4981277585029602
0.5961042642593384,-0.17569617927074432,0.4979269206523895
0.5952857136726379,-0.1684146523475647,0.49781468510627747
0.5946035981178284,-0.16071923077106476,0.49816256761550903
0.5941116213798523,-0.15481312572956085,0.49853307008743286
0.5935328602790833,-0.146491140127182,0.4991302490234375
0.5930198431015015,-0.13748767971992493,0.49980977177619934
0.5925642251968384,-0.13039512932300568,0.5004513263702393
0.591969907283783,-0.12071416527032852,0.501315712928772
0.5914318561553955,-0.11099888384342194,0.5021559000015259
0.5906810164451599,-0.10121471434831619,0.5029520988464355
0.5899807214736938,-0.09370829910039902,0.5033208131790161
0.589053750038147,-0.08367636799812317,0.5033660531044006
0.5881839990615845,-0.07376031577587128,0.5028080344200134
0.5872114300727844,-0.06396126747131348,0.5019448399543762
0.5864635705947876,-0.05665015056729317,0.5011959671974182
0.5854942798614502,-0.0469820462167263,0.5001512169837952
0.5843964219093323,-0.037264902144670486,0.4990703761577606
0.583568811416626,-0.03004256635904312,0.49830177426338196
0.5826134085655212,-0.020723961293697357,0.4972071051597595
0.5817527174949646,-0.01149181928485632,0.49607086181640625
0.5811417102813721,-0.004655174445360899,0.4952394664287567
0.5803792476654053,0.004574602469801903,0.4940672218799591
0.579649031162262,0.013913131318986416,0.49295079708099365
0.5790687203407288,0.02088017761707306,0.49239179491996765
0.578425407409668,0.029779160395264626,0.4918931722640991
0.577908456325531,0.03833884745836258,0.49137839674949646
0.5775265693664551,0.0448799766600132,0.4909779131412506
0.5771515965461731,0.053663235157728195,0.49054697155952454
0.5767513513565063,0.06203965097665787,0.4902956485748291
0.5765894651412964,0.07041063904762268,0.49015963077545166
0.5767412781715393,0.0767141580581665,0.4901205003261566
0.5771194696426392,0.08495761454105377,0.4904659390449524
0.5774832963943481,0.09293501824140549,0.4913526475429535
0.5777024626731873,0.09898488223552704,0.4921089708805084
0.5782465934753418,0.10722436010837555,0.49309462308883667
0.5791403651237488,0.11547554284334183,0.4940490126609802
0.5798041820526123,0.12166498601436615,0.49479028582572937
0.5806527137756348,0.1301475465297699,0.4960387945175171
0.5814958214759827,0.13904999196529388,0.4976702928543091
0.5820679068565369,0.14791153371334076,0.4993897080421448
0.5823971629142761,0.1546190232038498,0.5005939602851868
0.5824477672576904,0.16376452147960663,0.5022338628768921
0.58208167552948,0.17325830459594727,0.5041226148605347
0.5815492868423462,0.18044793605804443,0.5057266354560852
0.5805215835571289,0.1900213062763214,0.5082343220710754
0.5791510939598083,0.19960345327854156,0.511146068572998
0.5770273804664612,0.2093522548675537,0.5142436623573303
0.5750710368156433,0.21647825837135315,0.516411304473877
0.572050154209137,0.22582626342773438,0.5189762711524963
0.5685563087463379,0.23503746092319489,0.5210272073745728
0.5654405355453491,0.24192851781845093,0.5220916867256165
0.5608144998550415,0.2509567141532898,0.5231550931930542
0.5559262633323669,0.2596728503704071,0.5239922404289246
0.5509275794029236,0.26828670501708984,0.5244950652122498
0.5473102927207947,0.2747420072555542,0.5247126221656799
0.5423374176025391,0.28317171335220337,0.5249361991882324
0.5373570919036865,0.29165154695510864,0.5253602862358093
0.5324130654335022,0.3002597987651825,0.5261316895484924
0.5287669897079468,0.30669763684272766,0.5268838405609131
0.5241910219192505,0.31531500816345215,0.5279554724693298
0.5207723379135132,0.3218267560005188,0.5287110209465027
0.5164972543716431,0.3306088149547577,0.5296593904495239
0.5127332210540771,0.3395661413669586,0.5303647518157959
0.509309709072113,0.3487068712711334,0.5309407114982605
0.5067600607872009,0.3555164933204651,0.53121417760849
0.5035650730133057,0.364643931388855,0.5312103033065796
0.5006129741668701,0.37375548481941223,0.5306708216667175
0.4985687732696533,0.3804504871368408,0.5300192832946777
0.4959409236907959,0.3892299234867096,0.528921902179718
0.4934678375720978,0.3982558250427246,0.527941882610321
0.49130916595458984,0.4070558547973633,0.5273397564888
0.4895561635494232,0.41566967964172363,0.5274912714958191
0.4882979393005371,0.4221336245536804,0.5280058979988098
0.4868454039096832,0.43080899119377136,0.5288872718811035
0.48593223094940186,0.4373329281806946,0.5295348763465881
0.48463141918182373,0.4460305869579315,0.5303488373756409
0.4835219085216522,0.4548712372779846,0.5310010313987732
0.4829235374927521,0.4612184166908264,0.5315564870834351
0.48216405510902405,0.4693826138973236,0.5322092771530151
0.4812171757221222,0.47768720984458923,0.5325693488121033
0.4800819754600525,0.48600059747695923,0.5324518084526062
0.47920987010002136,0.49222424626350403,0.5320167541503906
0.47808998823165894,0.5004467368125916,0.5308375954627991
0.47687676548957825,0.5083317160606384,0.529250979423523
0.4753609895706177,0.516118049621582,0.5274657011032104
0.4740690290927887,0.5218352675437927,0.5258194208145142
0.4724087417125702,0.529106616973877,0.5233054161071777
0.4712778627872467,0.5344715714454651,0.5214036703109741
0.4697185456752777,0.5415942668914795,0.5193410515785217
0.46789154410362244,0.5482465624809265,0.5179336071014404
0.46580004692077637,0.5545793175697327,0.5168797969818115
0.4637340307235718,0.5604541301727295,0.5158649682998657
0.4621979296207428,0.5645012855529785,0.5150861740112305
0.4600168764591217,0.5694630146026611,0.5141229629516602
0.45813488960266113,0.5729889869689941,0.5133417248725891
0.455361932516098,0.5773006081581116,0.5121324062347412
0.45251888036727905,0.5812646746635437,0.5108457207679749
0.4496530294418335,0.5847018957138062,0.5097014307975769
0.4473857581615448,0.5868247747421265,0.5089685320854187
0.4440518915653229,0.5891408324241638,0.5080917477607727
0.4404553174972534,0.5913668870925903,0.5072248578071594
0.4377245306968689,0.5928608179092407,0.5064685940742493
0.43379172682762146,0.5941605567932129,0.5053766369819641
0.4296492338180542,0.5949389934539795,0.5041192770004272
0.4253609776496887,0.5954883098602295,0.5027429461479187
0.4219985604286194,0.5956721901893616,0.5017126798629761
0.4174223840236664,0.5954627394676208,0.5000194907188416
0.4129312336444855,0.5946219563484192,0.49826982617378235
0.40955835580825806,0.5938115119934082,0.4972512722015381
0.4051317870616913,0.5926214456558228,0.49622842669487
0.4007836878299713,0.5909724831581116,0.49545857310295105
0.39635661244392395,0.5888704657554626,0.4947807490825653
0.39293336868286133,0.58712238073349,0.49441689252853394
0.3883512318134308,0.5844772458076477,0.4938766658306122
0.3849514424800873,0.5822836756706238,0.4932340383529663
0.38052740693092346,0.5791283249855042,0.4920704960823059
0.3760477602481842,0.5756012201309204,0.49081358313560486
0.3713584542274475,0.5719068646430969,0.4898534417152405
0.3678622543811798,0.5690988302230835,0.4893921911716461
0.3631778061389923,0.5652483701705933,0.4890589118003845
0.3583294749259949,0.5611928701400757,0.4886924922466278
0.35451340675354004,0.5581324100494385,0.48840150237083435
0.34933891892433167,0.5539245009422302,0.48804405331611633
0.34421974420547485,0.5497279167175293,0.48753705620765686
0.34045296907424927,0.5465388298034668,0.4869866967201233
0.33534184098243713,0.5422998666763306,0.4865439236164093
0.3299626410007477,0.538272500038147,0.4868174195289612
0.32431748509407043,0.5344052314758301,0.4877498745918274
0.31847283244132996,0.5308257341384888,0.48887988924980164
0.31421494483947754,0.528186023235321,0.4897582530975342
0.30850958824157715,0.5247697234153748,0.49107059836387634
0.30404403805732727,0.5223316550254822,0.4920397996902466
0.2977011203765869,0.5192243456840515,0.4935385286808014
0.29100295901298523,0.5167359709739685,0.4949871301651001
0.28410544991493225,0.5145008563995361,0.49602624773979187
0.2787957787513733,0.512857973575592,0.49630865454673767
0.2715107202529907,0.5110020041465759,0.49622642993927
0.26388269662857056,0.509872555732727,0.49591580033302307
0.2560141980648041,0.509146511554718,0.4957866966724396
0.2501317858695984,0.5087592005729675,0.4960392117500305
0.24213139712810516,0.5085230469703674,0.4968617260456085
0.235948845744133,0.5088011026382446,0.49781888723373413
0.22754749655723572,0.5097782015800476,0.49937981367111206
0.2192816436290741,0.5110035538673401,0.5010342001914978
0.21124675869941711,0.5126457214355469,0.5029112696647644
0.20296715199947357,0.5147154927253723,0.5049763917922974
0.19664794206619263,0.5163474678993225,0.5066385269165039
0.18213120102882385,0.5206668376922607,0.5102934837341309
0.17401468753814697,0.5235206484794617,0.5123102068901062
0.16580389440059662,0.5264637470245361,0.5141288638114929
0.15780186653137207,0.5297378301620483,0.5153927803039551
0.1518450230360031,0.5322703719139099,0.5160942077636719
0.14367949962615967,0.53544682264328,0.516667902469635
0.13551993668079376,0.538664698600769,0.5167332887649536
0.1293991357088089,0.5409952402114868,0.5163856744766235
0.1210469901561737,0.5439596176147461,0.5154129266738892
0.1128181740641594,0.5467178225517273,0.5141649842262268
0.10471773892641068,0.5493820905685425,0.5131536722183228
0.09670127928256989,0.5519561171531677,0.5122915506362915
0.09089773893356323,0.5538222789764404,0.5118899941444397
0.08342099189758301,0.5559346675872803,0.5117319226264954
0.07792545109987259,0.5572388768196106,0.5118544101715088
0.07057995349168777,0.5586987137794495,0.5122424364089966
0.06324347108602524,0.5597895383834839,0.5126543641090393
0.05788977071642876,0.5603962540626526,0.5130660533905029
0.05058477818965912,0.561127781867981,0.5135218501091003
0.043210469186306,0.5617901682853699,0.5134286880493164
0.037740662693977356,0.5619302988052368,0.5129305124282837
0.03047567419707775,0.5619190335273743,0.5119857788085938
0.023220393806695938,0.5618622303009033,0.5111140012741089
0.015941442921757698,0.5615842938423157,0.5102667212486267
0.010474666953086853,0.5612595081329346,0.509480357170105
0.003138749860227108,0.5607730150222778,0.5083238482475281
-0.0042359475046396255,0.5603719353675842,0.5071161389350891
-0.009565327316522598,0.5601567029953003,0.5061238408088684
-0.016401823610067368,0.5598593950271606,0.5046870112419128
-0.023233843967318535,0.5595051646232605,0.5033608078956604
-0.03005891665816307,0.5591874122619629,0.5023351907730103
-0.0350632518529892,0.5590136051177979,0.5018113255500793
-0.041632942855358124,0.5587573647499084,0.5015156865119934
-0.04823937267065048,0.5584807395935059,0.5015670657157898
-0.05486387759447098,0.5582245588302612,0.5016704797744751
-0.059907861053943634,0.5579827427864075,0.5014897584915161
-0.06662067770957947,0.5577197074890137,0.5009379386901855
-0.07162069529294968,0.5575798153877258,0.500557005405426
-0.08018261939287186,0.5573928952217102,0.5000795722007751
-0.0854000523686409,0.5573031902313232,0.49965789914131165
-0.09229034930467606,0.5572319030761719,0.49896642565727234
-0.09760843962430954,0.5571234226226807,0.49855363368988037
-0.10495277494192123,0.557020366191864,0.49829787015914917
-0.1122397854924202,0.5570497512817383,0.498151034116745
-0.11774171143770218,0.5570816397666931,0.49798157811164856
-0.12520094215869904,0.5569592118263245,0.4976978600025177
-0.1326996237039566,0.5567963123321533,0.49734508991241455
-0.13830812275409698,0.5567141175270081,0.4971396028995514
-0.145734041929245,0.5564265847206116,0.49701663851737976
-0.1530882567167282,0.5559065937995911,0.4971092641353607
-0.16049377620220184,0.5551145672798157,0.49740859866142273
-0.16592592000961304,0.554535448551178,0.49775856733322144
-0.17317834496498108,0.5535879135131836,0.49815547466278076
-0.1802135705947876,0.5523398518562317,0.4984387755393982
-0.18537648022174835,0.5513352155685425,0.4984963536262512
-0.19222815334796906,0.5499958395957947,0.4985013008117676
-0.19920463860034943,0.5483024716377258,0.49850186705589294
-0.20591457188129425,0.5463444590568542,0.4980887472629547
-0.21061021089553833,0.5448746085166931,0.49767211079597473
-0.21684515476226807,0.5428451895713806,0.4973665773868561
-0.22315433621406555,0.5409407615661621,0.49716734886169434
-0.22902603447437286,0.5390851497650146,0.49678799510002136
-0.23327526450157166,0.537466287612915,0.4963724613189697
-0.23899494111537933,0.5352101922035217,0.49568259716033936
-0.2447812259197235,0.533092200756073,0.4948399066925049
-0.24895915389060974,0.5315834879875183,0.4938434660434723
-0.25436580181121826,0.5294129848480225,0.4920738935470581
-0.2599513530731201,0.5269454717636108,0.49005067348480225
-0.2643599808216095,0.5251030325889587,0.4884171485900879
-0.270327091217041,0.5223652720451355,0.48597997426986694
-0.2765039801597595,0.5193480253219604,0.48295390605926514
-0.28112170100212097,0.5171613097190857,0.48041626811027527
-0.28695207834243774,0.5142194032669067,0.47750264406204224
-0.2932299077510834,0.5111212134361267,0.4754793643951416
-0.29821276664733887,0.508346676826477,0.4743744134902954
-0.3048091232776642,0.5043289661407471,0.47309717535972595
-0.31128227710723877,0.5004637241363525,0.47187599539756775
-0.3176664710044861,0.49617281556129456,0.4709576368331909
-0.32260045409202576,0.4927273392677307,0.47053638100624084
-0.32922327518463135,0.4879680573940277,0.47007226943969727
-0.3359973430633545,0.4831850826740265,0.4694763422012329
-0.34270185232162476,0.4786868393421173,0.4687945246696472
-0.3477325141429901,0.47506749629974365,0.4683060944080353
-0.3544856905937195,0.47015154361724854,0.46730756759643555
-0.3611433207988739,0.4653620719909668,0.4659211337566376
-0.36603134870529175,0.4618494212627411,0.46480250358581543
-0.37238577008247375,0.45713117718696594,0.4634881615638733
-0.37867453694343567,0.4522593915462494,0.4628371000289917
-0.3845357596874237,0.4475639760494232,0.4630005359649658
-0.38845372200012207,0.4442485272884369,0.46357181668281555
-0.3932441771030426,0.4399351179599762,0.464953750371933
-0.39773091673851013,0.43545401096343994,0.4671308696269989
-0.4008924067020416,0.4320169985294342,0.46899428963661194
-0.4045839309692383,0.42767396569252014,0.4718198776245117
-0.40773606300354004,0.4233163595199585,0.4750390946865082
-0.41012412309646606,0.42014679312705994,0.4776742160320282
-0.4132365882396698,0.4159880578517914,0.481168270111084
-0.4160064458847046,0.41171568632125854,0.4846751391887665
-0.4180470108985901,0.4086439311504364,0.4873693287372589
-0.4211207926273346,0.40474629402160645,0.49122297763824463
-0.4242570102214813,0.4008837044239044,0.49502047896385193
-0.4265633225440979,0.39788952469825745,0.49784719944000244
-0.429767370223999,0.3938474655151367,0.5014236569404602
-0.4330785572528839,0.39002880454063416,0.5047533512115479
-0.43667110800743103,0.38624775409698486,0.5079110860824585
-0.43943458795547485,0.3833893835544586,0.510142982006073
-0.4431670904159546,0.3793943524360657,0.5131006836891174
-0.44705915451049805,0.37518998980522156,0.5157931447029114
-0.45116308331489563,0.3708603084087372,0.5181369185447693
-0.45431292057037354,0.3674928545951843,0.5195282697677612
-0.4587169587612152,0.36291298270225525,0.5209892988204956
-0.463556706905365,0.358197957277298,0.522242546081543
-0.46732211112976074,0.3543170690536499,0.5229150652885437
-0.4724911153316498,0.3491518497467041,0.5231198072433472
-0.47777193784713745,0.3439268469810486,0.5225369930267334
-0.4817410409450531,0.3398377299308777,0.5217331051826477
-0.4871615171432495,0.3339954614639282,0.5202885866165161
-0.4925118386745453,0.32819023728370667,0.5188912153244019
-0.49769437313079834,0.3220301568508148,0.5173361301422119
-0.5027410387992859,0.3155919313430786,0.5158811211585999
-0.5065311193466187,0.31077927350997925,0.5152233839035034
-0.5117069482803345,0.3039705157279968,0.5148361921310425
-0.5155856609344482,0.298653244972229,0.5149257779121399
-0.5204979181289673,0.2916133403778076,0.5152329802513123
-0.5252392888069153,0.2844758629798889,0.5155686736106873
-0.5288500785827637,0.2790157198905945,0.5157207250595093
-0.533748209476471,0.2718465030193329,0.5156158804893494
-0.5385056734085083,0.26464080810546875,0.515082836151123
-0.5432562232017517,0.2571343779563904,0.5140857100486755
-0.5468512773513794,0.25149005651474,0.5127851963043213
-0.5513486862182617,0.24384130537509918,0.5106214880943298
-0.5556200742721558,0.23613430559635162,0.5086373090744019
-0.5589587688446045,0.23020635545253754,0.507642388343811
-0.5633702278137207,0.22207771241664886,0.5069934129714966
-0.5675649046897888,0.21381151676177979,0.5067821145057678
-0.5716282725334167,0.20545929670333862,0.5068321824073792
-0.5745055079460144,0.19897744059562683,0.5070476531982422
-0.5779666900634766,0.1901046484708786,0.5074606537818909
-0.5811514854431152,0.18100346624851227,0.5081874132156372
-0.583480715751648,0.17420966923236847,0.5090583562850952
-0.586426854133606,0.16515550017356873,0.5104650855064392
-0.5891817212104797,0.15588106215000153,0.5118005871772766
-0.5917598009109497,0.14658382534980774,0.5126513242721558
-0.5936341285705566,0.13972142338752747,0.5130968689918518
-0.5960749387741089,0.1306668072938919,0.5136899352073669
-0.5986499786376953,0.12164264917373657,0.5144213438034058
-0.6008003354072571,0.11497467756271362,0.5149254202842712
-0.6037775278091431,0.10628052055835724,0.5151404738426208
-0.6066991686820984,0.09784186631441116,0.5147228240966797
-0.609001100063324,0.09167008846998215,0.5139768123626709
-0.61224365234375,0.0837055891752243,0.5126572847366333
-0.6158287525177002,0.07592311501502991,0.5112108588218689
-0.6187045574188232,0.07025230675935745,0.5101487040519714
-0.622473418712616,0.0629933625459671,0.5086117386817932
-0.6261143088340759,0.05596204474568367,0.5072185397148132
-0.6298314929008484,0.04928489401936531,0.5062230229377747
-0.6327645778656006,0.04452141746878624,0.5057730674743652
-0.6366471648216248,0.038359541445970535,0.5055442452430725
-0.6404216289520264,0.03234611451625824,0.5056123733520508
-0.644148051738739,0.02641286700963974,0.505877673625946
-0.6468749046325684,0.022157106548547745,0.506050169467926
-0.6502794027328491,0.016476184129714966,0.50615394115448
-0.653255045413971,0.01094681303948164,0.5060628056526184
-0.6552722454071045,0.006957809440791607,0.5059534311294556
-0.6577935218811035,0.0015650178538635373,0.5059165358543396
-0.6599780321121216,-0.003979795146733522,0.5056754350662231
-0.6618824601173401,-0.009467314928770065,0.5052213668823242
-0.6629283428192139,-0.013512883335351944,0.5050815939903259
-0.6637111306190491,-0.019190559163689613,0.5051546096801758
-0.6640852093696594,-0.023515446111559868,0.505405843257904
-0.6643333435058594,-0.029213059693574905,0.5056709051132202
-0.6640845537185669,-0.0353391170501709,0.5058652758598328
-0.66336989402771,-0.04181736335158348,0.5059869885444641
-0.6628759503364563,-0.0467013418674469,0.506076455116272
-0.6619431972503662,-0.05334077030420303,0.505967378616333
-0.6605545282363892,-0.0600578635931015,0.5055766701698303
-0.6589050889015198,-0.067044697701931,0.5048273801803589
-0.6574821472167969,-0.0725204274058342,0.5038596987724304
-0.6553984880447388,-0.0799788162112236,0.502075731754303
-0.6530646085739136,-0.08749253302812576,0.49998366832733154
-0.6512102484703064,-0.09312238544225693,0.49836981296539307
-0.6485346555709839,-0.1007726714015007,0.49622291326522827
-0.6456161737442017,-0.10848267376422882,0.494279682636261
-0.6433467864990234,-0.11419720202684402,0.49308082461357117
-0.6402683258056641,-0.12176021188497543,0.49174386262893677
-0.6369202136993408,-0.12930971384048462,0.49087047576904297
-0.6342492699623108,-0.13490213453769684,0.49049288034439087
-0.6306539177894592,-0.14221294224262238,0.4901108145713806
-0.6271185278892517,-0.14959993958473206,0.48960167169570923
-0.6245525479316711,-0.1551571637392044,0.48906025290489197
-0.621059000492096,-0.1626269668340683,0.4882926940917969
-0.6172870397567749,-0.1702217310667038,0.4878041744232178
-0.6135349869728088,-0.17761944234371185,0.48784148693084717
-0.6106426119804382,-0.18304359912872314,0.48802754282951355
-0.606823742389679,-0.19025768339633942,0.4884527921676636
-0.6032407879829407,-0.1973121613264084,0.4886927306652069
-0.5996436476707458,-0.204081192612648,0.4885719418525696
-0.5969255566596985,-0.20908018946647644,0.48848551511764526
-0.5934656262397766,-0.215839222073555,0.488673597574234
-0.5899844765663147,-0.22239193320274353,0.4893881678581238
-0.5874049067497253,-0.22708047926425934,0.49037274718284607
-0.5843111276626587,-0.23312368988990784,0.49233919382095337
-0.581612765789032,-0.23909315466880798,0.49474459886550903
-0.5797725319862366,-0.24344781041145325,0.4966711401939392
-0.5774907469749451,-0.24893122911453247,0.4989655315876007
-0.575514018535614,-0.2541615962982178,0.5005736351013184
-0.5737375020980835,-0.259460985660553,0.501669704914093
-0.5725832581520081,-0.2634850740432739,0.5023715496063232
-0.5712840557098389,-0.2687126100063324,0.5033217668533325
-0.5701479911804199,-0.2738306522369385,0.5042642951011658
-0.5692508816719055,-0.27761176228523254,0.504898190498352
-0.5680908560752869,-0.2828454077243805,0.5055046677589417
-0.5670768618583679,-0.2882130742073059,0.5056159496307373
-0.5660223960876465,-0.29393982887268066,0.5055152773857117
-0.5653995275497437,-0.2984144687652588,0.5056408643722534
-0.5647693276405334,-0.3045247495174408,0.5061010718345642
-0.5640264749526978,-0.31092017889022827,0.5069295167922974
-0.5633722543716431,-0.31586211919784546,0.5076082348823547
-0.5624927878379822,-0.3226146399974823,0.5085369944572449
-0.5613718032836914,-0.32966136932373047,0.5094109773635864
-0.5603806972503662,-0.335032194852829,0.5103872418403625
-0.5591708421707153,-0.34228983521461487,0.5122233629226685
-0.5578925013542175,-0.3497410714626312,0.5140691995620728
-0.5567532181739807,-0.3554362654685974,0.5152426362037659
-0.5549831986427307,-0.3629850149154663,0.5164523720741272
-0.5531867146492004,-0.3704416751861572,0.5174352526664734
-0.5514127612113953,-0.3778771460056305,0.5180041790008545
-0.5500324368476868,-0.38335055112838745,0.5181971192359924
-0.5481475591659546,-0.3906327188014984,0.5181980133056641
-0.5461915135383606,-0.3976776599884033,0.5178736448287964
-0.5440282225608826,-0.40456730127334595,0.5174070596694946
-0.5421893000602722,-0.40963152050971985,0.516994059085846
-0.5395769476890564,-0.4161613881587982,0.5165281295776367
-0.5370018482208252,-0.4224158823490143,0.5162519812583923
-0.5349240303039551,-0.4269361197948456,0.5161229968070984
-0.5318295955657959,-0.43294474482536316,0.516097903251648
-0.528512179851532,-0.4387832283973694,0.5163081288337708
-0.5249369144439697,-0.4444250464439392,0.517052412033081
-0.5222032070159912,-0.44870734214782715,0.5178788900375366
-0.5184974074363708,-0.4541335999965668,0.5191488862037659
-0.5147235989570618,-0.45933517813682556,0.5203726887702942
-0.5117822885513306,-0.4632720351219177,0.5211871862411499
-0.5078039765357971,-0.4685938060283661,0.521981954574585
-0.5039377808570862,-0.47369885444641113,0.5222893953323364
-0.5009695887565613,-0.4775896370410919,0.5223907828330994
-0.49713391065597534,-0.48301583528518677,0.5227127075195312
-0.49340707063674927,-0.4884002208709717,0.5232396721839905
-0.489398330450058,-0.4935764968395233,0.5234286785125732
-0.48636525869369507,-0.49749520421028137,0.5233265161514282
-0.4825235903263092,-0.5027194023132324,0.5227972865104675
-0.47867029905319214,-0.5077511668205261,0.5220193266868591
-0.47185927629470825,-0.5167162418365479,0.5203503370285034
-0.4677962064743042,-0.5217916369438171,0.5192319750785828
-0.4646013379096985,-0.5254449248313904,0.5182638764381409
-0.46021196246147156,-0.5301726460456848,0.5169001817703247
-0.45593419671058655,-0.5348368883132935,0.5154128074645996
-0.4525551199913025,-0.5381865501403809,0.5140069127082825
-0.44770169258117676,-0.5426419973373413,0.5117549896240234
-0.4429014325141907,-0.5470726490020752,0.5094860792160034
-0.43806707859039307,-0.5513995885848999,0.5075440406799316
-0.43433263897895813,-0.5544415712356567,0.5062114596366882
-0.42927518486976624,-0.5583463907241821,0.5045977830886841
-0.42411234974861145,-0.5621697902679443,0.5028188228607178
-0.41892009973526,-0.5657659769058228,0.500988781452179
-0.4149565100669861,-0.5682018995285034,0.4994592070579529
-0.40963608026504517,-0.571409285068512,0.49744611978530884
-0.4042971730232239,-0.574644148349762,0.49594172835350037
-0.4002346694469452,-0.5769344568252563,0.4950427711009979
-0.39461076259613037,-0.5797988176345825,0.4941200613975525
-0.3884887993335724,-0.5823219418525696,0.4935365319252014
-0.38377198576927185,-0.583879828453064,0.49335065484046936
-0.37786799669265747,-0.585634171962738,0.49354493618011475
-0.3717975914478302,-0.5870290398597717,0.4938703179359436
-0.3669728636741638,-0.5878875255584717,0.4941524565219879
-0.36035701632499695,-0.5888578295707703,0.4945065379142761
-0.3534843623638153,-0.5896531343460083,0.4945315420627594
-0.3463659882545471,-0.5903096795082092,0.4948907196521759
-0.3409097492694855,-0.5907162427902222,0.4954916834831238
-0.3333808183670044,-0.5911285877227783,0.49655017256736755
-0.3258509337902069,-0.5915350317955017,0.49788886308670044
-0.3201557993888855,-0.5919175148010254,0.4993586242198944
-0.31244319677352905,-0.5923410058021545,0.5016471743583679
-0.3043610155582428,-0.5926610827445984,0.5038551092147827
-0.29622092843055725,-0.5931558012962341,0.5059064626693726
-0.2901018261909485,-0.5936969518661499,0.5072029829025269
-0.2817501723766327,-0.5940917134284973,0.5081233978271484
-0.2754717469215393,-0.5941570997238159,0.5081413984298706
-0.26481005549430847,-0.5941870212554932,0.5072590112686157
-0.2584453225135803,-0.5941295623779297,0.5066407918930054
-0.2499256730079651,-0.5939229726791382,0.5061023831367493
-0.24122360348701477,-0.5936998128890991,0.5061676502227783
-0.23440061509609222,-0.5934388041496277,0.5065492391586304
-0.22519536316394806,-0.5929442644119263,0.5075323581695557
-0.2159263789653778,-0.5922930240631104,0.508792519569397
-0.20891448855400085,-0.5916584134101868,0.5097012519836426
-0.19963251054286957,-0.590683102607727,0.5107166171073914
-0.19090311229228973,-0.5895972847938538,0.5120136737823486
-0.18445716798305511,-0.5886916518211365,0.513087272644043
-0.17557452619075775,-0.5872964262962341,0.5140166282653809
-0.16676324605941772,-0.5856584906578064,0.514267086982727
-0.16031648218631744,-0.5843755602836609,0.5141860246658325
-0.1519361138343811,-0.5825561881065369,0.5138640403747559
-0.1439700722694397,-0.5807405710220337,0.5135197639465332
-0.13608641922473907,-0.5787813067436218,0.5133918523788452
-0.13015319406986237,-0.5772774815559387,0.5133870244026184
-0.12251077592372894,-0.5753465890884399,0.5134314894676208
-0.11527251452207565,-0.573380708694458,0.5133598446846008
-0.10821682959794998,-0.5712553858757019,0.5132220983505249
-0.10312444716691971,-0.5697559118270874,0.5131872296333313
-0.0966246947646141,-0.5680602192878723,0.5131213665008545
-0.09195002168416977,-0.5667490363121033,0.512994647026062
-0.0859442874789238,-0.565129280090332,0.5125689506530762
-0.0801103264093399,-0.563697338104248,0.5119643211364746
-0.0758792981505394,-0.5625858306884766,0.5112781524658203
-0.07034065574407578,-0.5614120960235596,0.5101571679115295
-0.0651467815041542,-0.5606346130371094,0.5089948773384094
-0.0602337121963501,-0.5597245097160339,0.5077372789382935
-0.05548326298594475,-0.5588862895965576,0.5060030817985535
-0.051882680505514145,-0.5582492351531982,0.504397451877594
-0.04756904020905495,-0.5574023127555847,0.5023531317710876
-0.04392486438155174,-0.5570147633552551,0.5005324482917786
-0.04106281325221062,-0.5571111440658569,0.4991191625595093
-0.037046853452920914,-0.557166576385498,0.4971308708190918
-0.03309468552470207,-0.557147741317749,0.49524036049842834
-0.030360067263245583,-0.5574111342430115,0.49406373500823975
-0.027008676901459694,-0.5580098032951355,0.49298781156539917
-0.023641536012291908,-0.5584666728973389,0.49240604043006897
-0.02011539787054062,-0.5589084625244141,0.49222439527511597
-0.017340706661343575,-0.5590373277664185,0.4923185110092163
-0.013794650323688984,-0.5590435862541199,0.4930156171321869
-0.011259214021265507,-0.5590782761573792,0.49374210834503174
-0.007662112824618816,-0.5589901804924011,0.4943998157978058
-0.0039001302793622017,-0.5585774183273315,0.49462443590164185
-0.000364644278306514,-0.5578763484954834,0.4945398271083832
0.002146132756024599,-0.5571774840354919,0.4943644404411316
0.005624874494969845,-0.5561526417732239,0.493949830532074
0.009317678399384022,-0.5551511645317078,0.49345970153808594
0.013443089090287685,-0.554057776927948,0.49276936054229736
0.016737915575504303,-0.5530136227607727,0.4919824004173279
0.02123282477259636,-0.551514208316803,0.4908645749092102
0.025645550340414047,-0.5500062704086304,0.48987528681755066
0.029075585305690765,-0.5487350821495056,0.4892691373825073
0.03412594273686409,-0.5470989942550659,0.4887392818927765
0.03941112756729126,-0.545203685760498,0.4887635111808777
0.043655287474393845,-0.5434452891349792,0.48863258957862854
0.04960717260837555,-0.5410395264625549,0.4881795048713684
0.055749163031578064,-0.5386618375778198,0.48755601048469543
0.060446709394454956,-0.5369880199432373,0.48724961280822754
0.06677622348070145,-0.5347597599029541,0.48698553442955017
0.07340755313634872,-0.5322402119636536,0.48679155111312866
0.08008278906345367,-0.5294508337974548,0.4866558909416199
0.08516548573970795,-0.5272783637046814,0.48682335019111633
0.09230764955282211,-0.5242137312889099,0.4873504638671875
0.09972553700208664,-0.5213027000427246,0.4877830743789673
0.10536545515060425,-0.5190905928611755,0.4880675673484802
0.11292479932308197,-0.5161742568016052,0.48858341574668884
0.12066525965929031,-0.5131563544273376,0.48890411853790283
0.12866057455539703,-0.510012686252594,0.4889664649963379
0.1347629427909851,-0.5077693462371826,0.48894810676574707
0.14313067495822906,-0.5047064423561096,0.4884079098701477
0.15140175819396973,-0.5014130473136902,0.4879188537597656
0.1575966626405716,-0.49907588958740234,0.4878610372543335
0.16617700457572937,-0.4961729049682617,0.487928181886673
0.1749519258737564,-0.4932604432106018,0.4876943528652191
0.18154068291187286,-0.4911549985408783,0.4872148931026459
0.1903628408908844,-0.48849448561668396,0.4862809181213379
0.1989884376525879,-0.4859754741191864,0.4853065609931946
0.20747961103916168,-0.48353835940361023,0.4842739403247833
0.21603868901729584,-0.4810200035572052,0.48306018114089966
0.22229249775409698,-0.4792114496231079,0.48206624388694763
0.23057426512241364,-0.47691115736961365,0.4804246425628662
0.23680704832077026,-0.47529545426368713,0.47892555594444275
0.24505582451820374,-0.47335052490234375,0.47643256187438965
0.25308170914649963,-0.4713943302631378,0.47365397214889526
0.2609553039073944,-0.46920865774154663,0.4710870087146759
0.26677241921424866,-0.4676757752895355,0.46932870149612427
0.2746807336807251,-0.46578076481819153,0.4670930802822113
0.2825944125652313,-0.4639102518558502,0.46523112058639526
0.290557324886322,-0.4620475471019745,0.46369296312332153
0.2965124249458313,-0.46046602725982666,0.46273618936538696
0.30413705110549927,-0.45851805806159973,0.46223437786102295
0.31166398525238037,-0.4564903676509857,0.4626517593860626
0.3174237310886383,-0.4546121656894684,0.4634740352630615
0.32510510087013245,-0.4521208107471466,0.4651000499725342
0.33247071504592896,-0.44960740208625793,0.4675424098968506
0.33784374594688416,-0.4474997818470001,0.46981263160705566
0.3450508117675781,-0.4446515440940857,0.4732248783111572
0.35273730754852295,-0.4416066110134125,0.4764328598976135
0.35833030939102173,-0.4392550587654114,0.4786459803581238
0.36518266797065735,-0.43591412901878357,0.48146069049835205
0.3718399703502655,-0.43240246176719666,0.4841020703315735
0.3787064850330353,-0.42870059609413147,0.48624879121780396
0.3838196396827698,-0.42576754093170166,0.48766615986824036
0.3904680609703064,-0.4217955470085144,0.48951008915901184
0.397302508354187,-0.4178377389907837,0.4907791316509247
0.40241238474845886,-0.4148193895816803,0.49109262228012085
0.4091259837150574,-0.41070467233657837,0.49075260758399963
0.415494441986084,-0.4066106975078583,0.49000129103660583
0.41996532678604126,-0.403595894575119,0.48955783247947693
0.4258597791194916,-0.39957311749458313,0.48905664682388306
0.43166860938072205,-0.39585134387016296,0.48852041363716125
0.4370400905609131,-0.3921630382537842,0.4878603219985962
0.44090285897254944,-0.3891787528991699,0.4871290922164917
0.44608575105667114,-0.3852979838848114,0.48606428503990173
0.45121100544929504,-0.3817466199398041,0.48466476798057556
0.4549507200717926,-0.3791123628616333,0.4833429157733917
0.4599713683128357,-0.3752961754798889,0.48112380504608154
0.4652484357357025,-0.37138694524765015,0.4778830111026764
0.4694051742553711,-0.3685705363750458,0.47496700286865234
0.47482356429100037,-0.3647593557834625,0.47111886739730835
0.47994112968444824,-0.36063262820243835,0.4675333797931671
0.48493698239326477,-0.3563574552536011,0.4643617272377014
0.48865586519241333,-0.3532651662826538,0.4625873863697052
0.49355295300483704,-0.34883415699005127,0.46079617738723755
0.49811387062072754,-0.34410133957862854,0.4594504237174988
0.5012072920799255,-0.3403994143009186,0.45866304636001587
0.505068302154541,-0.3352060914039612,0.45774075388908386
0.5087738633155823,-0.3298136293888092,0.4569399952888489
0.511948823928833,-0.3241586983203888,0.45664435625076294
0.5140568017959595,-0.3199646472930908,0.45666518807411194
0.5165585875511169,-0.31418928503990173,0.4566055238246918
0.5188332796096802,-0.3080117106437683,0.45626363158226013
0.5207894444465637,-0.3016533851623535,0.45572519302368164
0.5219323635101318,-0.2967211604118347,0.45556843280792236
0.5232253670692444,-0.28995203971862793,0.45564398169517517
0.5241151452064514,-0.28471705317497253,0.4559114873409271
0.5249346494674683,-0.27756303548812866,0.4570856988430023
0.525691568851471,-0.2702333927154541,0.4593566954135895
0.5262944102287292,-0.2625790238380432,0.4625304341316223
0.5265550017356873,-0.2565053701400757,0.4652448892593384
0.5269210934638977,-0.2482503354549408,0.4689071476459503
0.527184784412384,-0.24016131460666656,0.47262436151504517
0.5272344946861267,-0.23390930891036987,0.47542980313301086
0.527260959148407,-0.22503581643104553,0.4789438843727112
0.5276641249656677,-0.21572934091091156,0.4820609986782074
0.5281891226768494,-0.2063676416873932,0.48492610454559326
0.5283744931221008,-0.1992156058549881,0.4872630536556244
0.5287646055221558,-0.18942174315452576,0.49058058857917786
0.529502272605896,-0.17928482592105865,0.4938497543334961
0.5302324891090393,-0.17153652012348175,0.4960046410560608
0.5312248468399048,-0.16105802357196808,0.4985244572162628
0.5321258902549744,-0.15057340264320374,0.5006895661354065
0.5328695178031921,-0.14260134100914001,0.502091109752655
0.5339601039886475,-0.1318630427122116,0.5037256479263306
0.5348897576332092,-0.12096184492111206,0.5053240656852722
0.5355225801467896,-0.11268392205238342,0.5063402652740479
0.5365636348724365,-0.1016712486743927,0.5073533058166504
0.5376684665679932,-0.09071575105190277,0.5078791379928589
0.538776159286499,-0.07964078336954117,0.5078983306884766
0.5396943688392639,-0.06849949061870575,0.5075842142105103
0.5404081344604492,-0.06018202006816864,0.5072166919708252
0.5413757562637329,-0.049085889011621475,0.5065819621086121
0.5421426892280579,-0.04074699804186821,0.5060959458351135
0.543196439743042,-0.029847539961338043,0.5054354667663574
0.5443187355995178,-0.019019853323698044,0.5044765472412109
0.545666515827179,-0.008129220455884933,0.5028051137924194
0.5467005968093872,-9.590937406755984e-05,0.5010755658149719
0.5478811860084534,0.010297697968780994,0.498492956161499
0.5491416454315186,0.02055351249873638,0.4958476126194
0.5501378774642944,0.028221871703863144,0.4939684569835663
0.5514573454856873,0.0382622666656971,0.49146679043769836
0.5528681874275208,0.0479704886674881,0.48905837535858154
0.5540582537651062,0.05495414882898331,0.4874439835548401
0.555810809135437,0.06393662840127945,0.4854292869567871
0.5575329661369324,0.07258649170398712,0.4836067259311676
0.5594137907028198,0.08109087496995926,0.4818992018699646
0.5608842372894287,0.08708637207746506,0.48080235719680786
0.5628072619438171,0.09462414681911469,0.47958531975746155
0.5646396279335022,0.1019359827041626,0.47872722148895264
0.5663977265357971,0.10902434587478638,0.4780479967594147
0.5676257014274597,0.11404261738061905,0.4775965213775635
0.5689592361450195,0.12057450413703918,0.47747960686683655
0.5697072148323059,0.12536342442035675,0.4778468906879425
0.5705956816673279,0.1317862868309021,0.478691041469574
0.5713804364204407,0.13811852037906647,0.479726642370224
0.5718699097633362,0.1442292332649231,0.4808962345123291
0.5720512270927429,0.14881780743598938,0.4818907380104065
0.5720727443695068,0.15493442118167877,0.483418732881546
0.5719040036201477,0.16100405156612396,0.48535358905792236
0.5716307759284973,0.1669558435678482,0.4876458942890167
0.5714028477668762,0.1714548021554947,0.48959383368492126
0.5709444284439087,0.1776326447725296,0.492532342672348
0.5703864097595215,0.1840050369501114,0.4957871735095978
0.5698582530021667,0.19043149054050446,0.4991918206214905
0.5695696473121643,0.1953173279762268,0.5019263029098511
0.569252073764801,0.20200659334659576,0.5058676600456238
0.5689638257026672,0.2073129266500473,0.5089632868766785
0.5685011744499207,0.21446366608142853,0.5130274891853333
0.5679396986961365,0.2216981202363968,0.5167763829231262
0.5673494338989258,0.22901968657970428,0.5198901295661926
0.5669308304786682,0.23438024520874023,0.5218130350112915
0.5663090944290161,0.24160781502723694,0.5238333344459534
0.5655399560928345,0.2490421086549759,0.5252308249473572
0.5649834275245667,0.2545180320739746,0.5258177518844604
0.5642368793487549,0.26159217953681946,0.5260530710220337
0.5633474588394165,0.2684135437011719,0.5257153511047363
0.5624234676361084,0.2749115526676178,0.5248941779136658
0.561653196811676,0.27968356013298035,0.5241021513938904
0.560463547706604,0.285916805267334,0.5228831171989441
0.5593277215957642,0.2917867600917816,0.5213958024978638
0.5585680603981018,0.29596397280693054,0.5201860666275024
0.5573087334632874,0.3014362156391144,0.518607497215271
0.5558184385299683,0.3067888021469116,0.5168637633323669
0.5543166399002075,0.3119033873081207,0.5151876211166382
0.552945077419281,0.31570303440093994,0.5142409801483154
0.5506913065910339,0.32074764370918274,0.5134940147399902
0.5488424301147461,0.32456496357917786,0.5133001208305359
0.5462791323661804,0.3296315670013428,0.5134597420692444
0.5435875058174133,0.3344510495662689,0.5138406157493591
0.5404171347618103,0.3392080068588257,0.5142519474029541
0.5378262996673584,0.34276825189590454,0.5144538283348083
0.5344586968421936,0.3474106788635254,0.5144716501235962
0.5309662222862244,0.3517874479293823,0.5141088962554932
0.5271034836769104,0.35605546832084656,0.5129928588867188
0.5240693092346191,0.3592444360256195,0.5115969181060791
0.5199131369590759,0.3632882237434387,0.5092891454696655
0.5156612396240234,0.367136150598526,0.5070168375968933
0.5123544931411743,0.369873970746994,0.505322277545929
0.5079417824745178,0.3733832836151123,0.5029242038726807
0.5037293434143066,0.3767927885055542,0.5006453394889832
0.500710129737854,0.379172682762146,0.49899813532829285
0.49674907326698303,0.38231080770492554,0.4968588948249817
0.4930957555770874,0.38537338376045227,0.49486419558525085
0.49053189158439636,0.3875095844268799,0.4934888780117035
0.4872436225414276,0.39032503962516785,0.4917167127132416
0.48420244455337524,0.39340314269065857,0.4900418221950531
0.48177391290664673,0.39680400490760803,0.4886764585971832
0.48031312227249146,0.3994705379009247,0.48787254095077515
0.47879472374916077,0.4030553698539734,0.4870605766773224
0.47774049639701843,0.4066206216812134,0.4864715039730072
0.477161705493927,0.4106624722480774,0.4864480793476105
0.47687363624572754,0.41374754905700684,0.48689883947372437
0.4767220616340637,0.4179036319255829,0.4878178834915161
0.47692808508872986,0.4220804274082184,0.48878753185272217
0.47721120715141296,0.4251675307750702,0.4894813597202301
0.47799643874168396,0.4291187822818756,0.49020546674728394
0.4792631268501282,0.4328608810901642,0.4907456636428833
0.48024457693099976,0.4355168044567108,0.49102115631103516
0.48160257935523987,0.43866264820098877,0.49107256531715393
0.4831804931163788,0.4412960112094879,0.49121901392936707
0.48476850986480713,0.4436134696006775,0.4915067255496979
0.48597028851509094,0.44516342878341675,0.491798996925354
0.48748013377189636,0.4471590518951416,0.4922591745853424
0.48892226815223694,0.4489542543888092,0.4927183985710144
0.489803671836853,0.4501512050628662,0.4930022656917572
0.4909343421459198,0.45152366161346436,0.4934445917606354
0.4921518564224243,0.4527083933353424,0.4937003254890442
0.4930065870285034,0.45342883467674255,0.49388933181762695
0.49378737807273865,0.4545678496360779,0.4939785301685333
0.49411579966545105,0.45568719506263733,0.4941631853580475
0.4940209984779358,0.45646989345550537,0.49434974789619446
0.49357929825782776,0.45760583877563477,0.4944761097431183
0.49286773800849915,0.45888519287109375,0.49424248933792114
0.49166297912597656,0.46021097898483276,0.49372732639312744
0.49042317271232605,0.46127164363861084,0.49334916472435
0.48843836784362793,0.4625207781791687,0.4928843677043915
0.48650413751602173,0.4639439880847931,0.492595911026001
0.48486876487731934,0.46532338857650757,0.4927917420864105
0.48223263025283813,0.46735072135925293,0.4936859607696533
0.47923171520233154,0.46944117546081543,0.4952884316444397
0.47591787576675415,0.4716375172138214,0.4973486065864563
0.4733007848262787,0.47325971722602844,0.49910038709640503
0.4696127772331238,0.47572070360183716,0.5014926195144653
0.46596482396125793,0.4783007502555847,0.5041994452476501
0.4619547426700592,0.48076367378234863,0.5072537064552307
0.45848020911216736,0.4825494587421417,0.509309709072113
0.45360681414604187,0.48518598079681396,0.5115574598312378
0.4498113691806793,0.4874168336391449,0.5126226544380188
0.4444233477115631,0.4904705584049225,0.513106644153595
0.4384341537952423,0.4936511516571045,0.512797474861145
0.4335130453109741,0.49603164196014404,0.5121219158172607
0.4266378879547119,0.4994577169418335,0.5105036497116089
0.4196958541870117,0.5030226111412048,0.5080376267433167
0.41211071610450745,0.5064878463745117,0.5050917267799377
0.4059883654117584,0.5093731880187988,0.5026933550834656
0.39747896790504456,0.5134844183921814,0.4993865489959717
0.388683021068573,0.5177403688430786,0.49609363079071045
0.37974056601524353,0.5220625400543213,0.492925763130188
0.3728322386741638,0.5252885222434998,0.49071866273880005
0.36334243416786194,0.5299283862113953,0.48815181851387024
0.3537347912788391,0.5349300503730774,0.48628735542297363
0.3464997112751007,0.5385341048240662,0.48537158966064453
0.33669954538345337,0.5432870388031006,0.48476916551589966
0.32680392265319824,0.5481027364730835,0.4845799207687378
0.31927138566970825,0.5516974329948425,0.48449334502220154
0.30907487869262695,0.5562862753868103,0.4841890335083008
0.29874059557914734,0.5608916878700256,0.48363596200942993
0.2883923053741455,0.5653817653656006,0.48312219977378845
0.280659556388855,0.5686907172203064,0.48291337490081787
0.27016550302505493,0.5729232430458069,0.48281151056289673
0.25968673825263977,0.5770158171653748,0.48276469111442566
0.2519255578517914,0.5799233317375183,0.48265188932418823
0.24153584241867065,0.5838782787322998,0.4825302064418793
0.23123709857463837,0.5874219536781311,0.48231494426727295
0.2210904210805893,0.5909411311149597,0.4820655584335327
0.21351084113121033,0.5934985280036926,0.48211869597435
0.2034907191991806,0.5967405438423157,0.48259687423706055
0.1936117708683014,0.5997441411018372,0.4833296537399292
0.18622635304927826,0.6019005179405212,0.48402929306030273
0.17647583782672882,0.6045942306518555,0.48500514030456543
0.1668311208486557,0.6070783138275146,0.4860402047634125
0.1596510112285614,0.6088037490844727,0.48679545521736145
0.15051712095737457,0.610966682434082,0.4882587492465973
0.1418803334236145,0.6129833459854126,0.4903857409954071
0.13357660174369812,0.6150660514831543,0.493235319852829
0.12757718563079834,0.6165571808815002,0.4954074025154114
0.11995051801204681,0.6187571883201599,0.49775344133377075
0.11285816878080368,0.6208072304725647,0.4993131160736084
0.10766645520925522,0.6222892999649048,0.5000225305557251
0.10099873691797256,0.6239665150642395,0.5005959868431091
0.09475527703762054,0.6257767081260681,0.5011329054832458
0.08865472674369812,0.62762051820755,0.5015268921852112
0.08434805274009705,0.6286933422088623,0.5018109679222107
0.0787595734000206,0.6300954818725586,0.5021913647651672
0.07315210998058319,0.6313741207122803,0.5025461316108704
0.06890734285116196,0.6322261095046997,0.5026092529296875
0.06348808854818344,0.6330038905143738,0.5023015737533569
0.058178678154945374,0.6332622766494751,0.5018879175186157
0.05414875969290733,0.6333684921264648,0.5016334056854248
0.048520930111408234,0.6334972977638245,0.5013202428817749
0.04267818480730057,0.6333310604095459,0.5009767413139343
0.03654900938272476,0.6329506635665894,0.5008038282394409
0.03190213441848755,0.6324169039726257,0.501003086566925
0.025470031425356865,0.6316556930541992,0.501674234867096
0.018769053742289543,0.6306326985359192,0.5027511119842529
0.013590552844107151,0.6296610236167908,0.5037171244621277
0.006355545949190855,0.6281225681304932,0.5053048729896545
-0.0012348928721621633,0.6263424754142761,0.5072089433670044
-0.009066084399819374,0.6244494915008545,0.5091893076896667
-0.015153231099247932,0.6228556036949158,0.510688304901123
-0.023575512692332268,0.6204913854598999,0.5124308466911316
-0.03221643343567848,0.6179523468017578,0.5137668251991272
-0.038882896304130554,0.6158996820449829,0.5143794417381287
-0.048077549785375595,0.6130058765411377,0.5149064660072327
-0.05766673386096954,0.6099734902381897,0.5153941512107849
-0.06515887379646301,0.6076838374137878,0.5157256126403809
-0.07539694011211395,0.6045206785202026,0.5160667896270752
-0.08571820706129074,0.6013150215148926,0.5161656737327576
-0.09365535527467728,0.5989856123924255,0.5159858465194702
-0.10461382567882538,0.5957891941070557,0.5153720378875732
-0.11576470732688904,0.5926524996757507,0.5144153833389282
-0.1270257830619812,0.5894434452056885,0.5136336088180542
-0.13553404808044434,0.5870110988616943,0.513340175151825
-0.14673994481563568,0.5838421583175659,0.5131487846374512
-0.15772420167922974,0.5806286931037903,0.5130665898323059
-0.16860811412334442,0.5772682428359985,0.5131958723068237
-0.1767653524875641,0.5748114585876465,0.5135282874107361
-0.18766704201698303,0.5715341567993164,0.5141711235046387
-0.19839562475681305,0.5682726502418518,0.514755368232727
-0.20625829696655273,0.5657950639724731,0.5151627659797668
-0.21658597886562347,0.5625104904174805,0.5157970190048218
-0.22688481211662292,0.559239387512207,0.51634281873703
-0.23461739718914032,0.5567938089370728,0.5165688991546631
-0.24486109614372253,0.5535101890563965,0.5163365006446838
-0.25479987263679504,0.5504153966903687,0.515752375125885
-0.2621329128742218,0.5480484962463379,0.5152788758277893
-0.27182555198669434,0.5448517203330994,0.5146787762641907
-0.28125643730163574,0.5416931509971619,0.5140126943588257
-0.29049089550971985,0.5383768677711487,0.5132443904876709
-0.2973518967628479,0.5358651876449585,0.5127047300338745
-0.3062986135482788,0.5325514674186707,0.5120439529418945
-0.3148653507232666,0.5292078852653503,0.5115150809288025
-0.3211161196231842,0.5266259908676147,0.5112197995185852
-0.32914024591445923,0.5230112075805664,0.510964035987854
-0.33679768443107605,0.5192580223083496,0.5108829736709595
-0.3442001938819885,0.5153602957725525,0.5109686255455017
-0.3496116101741791,0.5123355984687805,0.511141300201416
-0.35658419132232666,0.5082539319992065,0.5115514397621155
-0.3633863627910614,0.5041593313217163,0.511784017086029
-0.3683556616306305,0.500939667224884,0.5116519331932068
-0.37473446130752563,0.4964612126350403,0.5112918019294739
-0.38109248876571655,0.4919005036354065,0.5109749436378479
-0.3859212398529053,0.48849543929100037,0.5107630491256714
-0.39228951930999756,0.4839172959327698,0.5105591416358948
-0.39850789308547974,0.47928035259246826,0.5104159116744995
-0.4031826853752136,0.4758073687553406,0.5103738903999329
-0.4095689356327057,0.47122064232826233,0.5102909803390503
-0.41591066122055054,0.4666077792644501,0.510177731513977
-0.422214537858963,0.46201592683792114,0.5102466344833374
-0.4269321858882904,0.45863616466522217,0.5104061365127563
-0.4330943524837494,0.45427629351615906,0.5106790065765381
-0.43918079137802124,0.4498893916606903,0.5109246373176575
-0.4437251687049866,0.44665107131004333,0.5111287236213684
-0.4497781991958618,0.44247305393218994,0.5115349292755127
-0.45574644207954407,0.43843480944633484,0.5119830369949341
-0.4600813388824463,0.4354963004589081,0.5123812556266785
-0.4656413197517395,0.4315619468688965,0.5130420327186584
-0.47094789147377014,0.42778995633125305,0.5139670372009277
-0.47620609402656555,0.4240669012069702,0.5151621699333191
-0.48014315962791443,0.42127740383148193,0.5161784887313843
-0.4852229952812195,0.41759228706359863,0.5175915956497192
-0.49014341831207275,0.4139624536037445,0.519018828868866
-0.494861364364624,0.41038790345191956,0.5201187133789062
-0.49830377101898193,0.40765830874443054,0.5206705331802368
-0.5028806328773499,0.40394288301467896,0.5210062861442566
-0.5073283314704895,0.4002460539340973,0.5210441946983337
-0.5104894638061523,0.3974910080432892,0.520918607711792
-0.5144575834274292,0.39383968710899353,0.5206127166748047
-0.5180325508117676,0.3900998532772064,0.5204867124557495
-0.5205280184745789,0.38741305470466614,0.5206471681594849
-0.5236641764640808,0.3839060962200165,0.5212039947509766
-0.526487410068512,0.3800991475582123,0.5221190452575684
-0.5283510684967041,0.3773125410079956,0.5228452086448669
-0.5304957628250122,0.3739159405231476,0.5237186551094055
-0.5326371192932129,0.3704436123371124,0.5241255164146423
-0.5346394777297974,0.3669246733188629,0.5238907933235168
-0.5359604358673096,0.36423105001449585,0.5233664512634277
-0.5375716090202332,0.3605610430240631,0.5222282409667969
-0.5390117168426514,0.35693275928497314,0.5203823447227478
-0.5399478077888489,0.3541373312473297,0.518706738948822
-0.5410469174385071,0.35029172897338867,0.516594409942627
-0.5422645807266235,0.34645140171051025,0.5148470401763916
-0.5433154106140137,0.34348219633102417,0.5136623382568359
-0.544646143913269,0.33925318717956543,0.5121979117393494
-0.5458750128746033,0.3350323438644409,0.5106119513511658
-0.5471153259277344,0.3309251368045807,0.508691132068634
-0.5479708313941956,0.32782796025276184,0.5072214007377625
-0.5490159392356873,0.323495090007782,0.5056395530700684
-0.5503424406051636,0.3190196454524994,0.5047260522842407
-0.5515227913856506,0.31556573510169983,0.5043877363204956
-0.5530105829238892,0.3110005557537079,0.5041557550430298
-0.5542634725570679,0.3062449097633362,0.5041311383247375
-0.5553554892539978,0.30135318636894226,0.5047029256820679
-0.5565593838691711,0.29623305797576904,0.5058484673500061
-0.5575416684150696,0.2922614812850952,0.5069615840911865
-0.5587584376335144,0.28689315915107727,0.5085130929946899
-0.5595159530639648,0.2827933132648468,0.5097256898880005
-0.5603163838386536,0.27726003527641296,0.5116041302680969
-0.5611111521720886,0.27148666977882385,0.51363205909729
-0.5619549751281738,0.26568886637687683,0.5156669020652771
-0.5629310607910156,0.25969743728637695,0.5176324248313904
-0.563598096370697,0.25518250465393066,0.5189093351364136
-0.5645803213119507,0.2491738349199295,0.5202882289886475
-0.5652768015861511,0.24452723562717438,0.5210683941841125
-0.5661011934280396,0.23821912705898285,0.5217767953872681
-0.5671414732933044,0.2318941354751587,0.5223779082298279
-0.568023145198822,0.2270200103521347,0.5227782726287842
-0.5693957209587097,0.22037704288959503,0.5230860710144043
-0.5708217024803162,0.21366092562675476,0.5228575468063354
-0.5718095302581787,0.20852230489253998,0.522339403629303
-0.5731350779533386,0.20159637928009033,0.5211460590362549
-0.5743892788887024,0.19453947246074677,0.5195170044898987
-0.5755628347396851,0.18748077750205994,0.5176080465316772
-0.5764520168304443,0.1821395754814148,0.5163204669952393
-0.5776593685150146,0.174933522939682,0.5151585340499878
-0.5788391828536987,0.16766786575317383,0.514313280582428
-0.5796800851821899,0.16220277547836304,0.5137697458267212
-0.580760657787323,0.15487177670001984,0.5134759545326233
-0.5818895101547241,0.14768099784851074,0.5134305953979492
-0.5830185413360596,0.14061830937862396,0.5135266780853271
-0.5840097665786743,0.1354084312915802,0.5136235952377319
-0.5854675769805908,0.12854154407978058,0.5136748552322388
-0.5868070721626282,0.12168112397193909,0.5138611197471619
-0.5878530144691467,0.11648964136838913,0.5140093564987183
-0.5892677307128906,0.10959000140428543,0.5139174461364746
-0.5909602642059326,0.1028631180524826,0.5136879682540894
-0.5929036736488342,0.09598919749259949,0.5134508609771729
-0.5944409370422363,0.09076827764511108,0.5132654309272766
-0.5965242981910706,0.08378800004720688,0.5128640532493591
-0.5986783504486084,0.07659417390823364,0.5122246146202087
-0.6005541086196899,0.07112115621566772,0.5116210579872131
-0.6031556129455566,0.06372027099132538,0.5107227563858032
-0.6059148907661438,0.05615207925438881,0.5096885561943054
-0.6080042719841003,0.05033929646015167,0.508662223815918
-0.6109948754310608,0.04264134541153908,0.5071836113929749
-0.6140239238739014,0.03473413735628128,0.5052699446678162
-0.616784393787384,0.026619669049978256,0.5030674934387207
-0.6193366050720215,0.0183275006711483,0.5005825161933899
-0.6212854981422424,0.012050538323819637,0.49871891736984253
-0.6240599155426025,0.003504230873659253,0.49633538722991943
-0.6261882185935974,-0.003117802320048213,0.4944954216480255
-0.6289800405502319,-0.011783968657255173,0.491829514503479
-0.6318373680114746,-0.020309481769800186,0.48877498507499695
-0.634711742401123,-0.028971083462238312,0.4857410490512848
-0.636719286441803,-0.035485073924064636,0.48368918895721436
-0.6393963694572449,-0.0440094880759716,0.48154160380363464
-0.6418514251708984,-0.05254878103733063,0.48014697432518005
-0.643670916557312,-0.05862976610660553,0.47959885001182556
-0.6462616324424744,-0.06625796109437943,0.47936704754829407
-0.6487729549407959,-0.07370095700025558,0.4791184365749359
-0.6504066586494446,-0.07924582064151764,0.4789442718029022
-0.6523441076278687,-0.08645626157522202,0.4789166748523712
-0.6541036367416382,-0.093207947909832,0.479306161403656
-0.6556209325790405,-0.09947977215051651,0.48026129603385925
-0.6565545201301575,-0.10415466129779816,0.48140057921409607
-0.6575364470481873,-0.11044758558273315,0.48334968090057373
-0.6583516597747803,-0.11622574180364609,0.4857865869998932
-0.6588374376296997,-0.1202690452337265,0.48763975501060486
-0.659337043762207,-0.12578268349170685,0.48994749784469604
-0.6595814824104309,-0.13121481239795685,0.49182426929473877
-0.6593736410140991,-0.1363295018672943,0.4934074580669403
-0.659107506275177,-0.1400197446346283,0.49440521001815796
-0.658534586429596,-0.14488030970096588,0.49513864517211914
-0.6573902368545532,-0.14975212514400482,0.49528706073760986
-0.6558659672737122,-0.1549135446548462,0.4951050877571106
-0.6546111702919006,-0.15889844298362732,0.49493518471717834
-0.6526303291320801,-0.16412353515625,0.49450841546058655
-0.6507208347320557,-0.16810841858386993,0.4940933883190155
-0.6476955413818359,-0.17363661527633667,0.4935508966445923
-0.644497811794281,-0.17950579524040222,0.4932064116001129
-0.6410655975341797,-0.1855824589729309,0.4931820333003998
-0.6381067037582397,-0.19039924442768097,0.4933977425098419
-0.6338958144187927,-0.1970093995332718,0.49376240372657776
-0.6296380162239075,-0.20370273292064667,0.49425646662712097
-0.626386821269989,-0.20892873406410217,0.4946727752685547
-0.6220499277114868,-0.2159443497657776,0.4950660765171051
-0.6174554824829102,-0.22291594743728638,0.49504441022872925
-0.6125348210334778,-0.23006613552570343,0.49466681480407715
-0.6087799072265625,-0.23543070256710052,0.49438804388046265
-0.6040468215942383,-0.24263736605644226,0.4943946897983551
-0.5993996858596802,-0.24971650540828705,0.49482259154319763
-0.5958966612815857,-0.25499090552330017,0.49533241987228394
-0.5912802815437317,-0.2620101571083069,0.4964071214199066
-0.5867259502410889,-0.26888468861579895,0.49777477979660034
-0.583520770072937,-0.2739686965942383,0.4987526535987854
-0.5794616937637329,-0.28086307644844055,0.49970269203186035
-0.5756126642227173,-0.28798460960388184,0.5002859234809875
-0.5728800892829895,-0.2934500575065613,0.5006681084632874
-0.5695725083351135,-0.3007093667984009,0.5012063384056091
-0.566615641117096,-0.30786406993865967,0.5016463994979858
-0.5639412999153137,-0.3151107430458069,0.5017989277839661
-0.562050461769104,-0.3206046521663666,0.5017753839492798
-0.5596124529838562,-0.3278789520263672,0.5015305280685425
-0.557258665561676,-0.3353966176509857,0.501309871673584
-0.5555487871170044,-0.3411446511745453,0.5012223124504089
-0.5531376004219055,-0.3487579822540283,0.5012230277061462
-0.5506842732429504,-0.3563807010650635,0.5013182759284973
-0.5488547682762146,-0.36207255721092224,0.5010628700256348
-0.5462043881416321,-0.3697412610054016,0.5003107786178589
-0.543511152267456,-0.37744227051734924,0.49913910031318665
-0.5407000780105591,-0.38512828946113586,0.4977855980396271
-0.5384677648544312,-0.39087408781051636,0.49679291248321533
-0.5352504253387451,-0.39835649728775024,0.49562522768974304
-0.5317813158035278,-0.40557846426963806,0.4944404661655426
-0.5290053486824036,-0.4110223948955536,0.49343428015708923
-0.5250415802001953,-0.41836726665496826,0.4920226037502289
-0.5208650827407837,-0.42561203241348267,0.4907560348510742
-0.5165069699287415,-0.4326300323009491,0.4896616041660309
-0.5118546485900879,-0.4394826292991638,0.48875734210014343
-0.5081865787506104,-0.44452303647994995,0.4881637990474701
-0.5029466152191162,-0.4509887993335724,0.4874662458896637
-0.49744489789009094,-0.4571622610092163,0.4868864119052887
-0.49324384331703186,-0.46178922057151794,0.48644566535949707
-0.4873543977737427,-0.46778154373168945,0.48574256896972656
-0.4811588227748871,-0.473619282245636,0.4852553606033325
-0.476603239774704,-0.47789546847343445,0.4850258529186249
-0.47063490748405457,-0.48338523507118225,0.48464956879615784
-0.4642006754875183,-0.48873016238212585,0.48401951789855957
-0.4592331349849701,-0.4930230975151062,0.48385217785835266
-0.44643449783325195,-0.5034422278404236,0.4844233989715576
-0.4415421485900879,-0.5071717500686646,0.48460260033607483
-0.4347265958786011,-0.5125042200088501,0.4849358797073364
-0.4275452792644501,-0.5179867148399353,0.48552772402763367
-0.4203029274940491,-0.523219645023346,0.48624783754348755
-0.4148947596549988,-0.5270470380783081,0.4868137538433075
-0.407455176115036,-0.5322725772857666,0.4874127507209778
-0.39968037605285645,-0.537203311920166,0.48771440982818604
-0.3937162160873413,-0.5406595468521118,0.4877428412437439
-0.38589733839035034,-0.5451867580413818,0.48733702301979065
-0.3781343400478363,-0.5495485067367554,0.48668399453163147
-0.3702637553215027,-0.5535117387771606,0.48590993881225586
-0.3644087612628937,-0.5561190247535706,0.48516565561294556
-0.35646677017211914,-0.5592961311340332,0.4838928282260895
-0.348224014043808,-0.5625190138816833,0.4825938642024994
-0.34192636609077454,-0.5648999214172363,0.48187604546546936
-0.33364129066467285,-0.5674145221710205,0.4812043011188507
-0.32522282004356384,-0.5694323182106018,0.48061496019363403
-0.3188134431838989,-0.5709075331687927,0.4798634350299835
-0.31043511629104614,-0.5727490186691284,0.4785226285457611
-0.3024425506591797,-0.5743340253829956,0.4768090546131134
-0.2967093586921692,-0.5755655765533447,0.47534430027008057
-0.2892184257507324,-0.5773302912712097,0.4733112156391144
-0.2818621098995209,-0.5790495872497559,0.4713418185710907
-0.27488693594932556,-0.5806546211242676,0.4694695770740509
-0.2699747681617737,-0.5817903876304626,0.46813109517097473
-0.2639540731906891,-0.5833854675292969,0.4665719270706177
-0.25850385427474976,-0.5852773189544678,0.46540963649749756
-0.25343337655067444,-0.5874632596969604,0.46462804079055786
-0.24979563057422638,-0.5888755917549133,0.4639327824115753
-0.24566060304641724,-0.590886652469635,0.46294406056404114
-0.24194958806037903,-0.5930817723274231,0.4620687961578369
-0.2392277717590332,-0.5946098566055298,0.4615376591682434
-0.23581138253211975,-0.596457302570343,0.46088889241218567
-0.2328067421913147,-0.5980224609375,0.46049702167510986
-0.23000608384609222,-0.5993189811706543,0.46033772826194763
-0.22787576913833618,-0.6000707745552063,0.4601384103298187
-0.22506554424762726,-0.6006377935409546,0.4596244692802429
-0.22228941321372986,-0.6005948185920715,0.4590156376361847
-0.22029247879981995,-0.6002821922302246,0.45871227979660034
-0.21759726107120514,-0.5995349884033203,0.458302766084671
-0.21451342105865479,-0.5984634160995483,0.457839697599411
-0.21189472079277039,-0.5974240303039551,0.45736628770828247
-0.2082156091928482,-0.595802366733551,0.4568548798561096
-0.20448286831378937,-0.5943130254745483,0.45664745569229126
-0.20148217678070068,-0.5930927395820618,0.456670343875885
-0.19678743183612823,-0.5911834239959717,0.45688509941101074
-0.19123204052448273,-0.5887622237205505,0.4573560357093811
-0.18509168922901154,-0.5863409042358398,0.4584093391895294
-0.18013857305049896,-0.584879994392395,0.4596690535545349
-0.17299304902553558,-0.5830539464950562,0.4614175856113434
-0.16517424583435059,-0.5808603167533875,0.46340787410736084
-0.15889298915863037,-0.5790756344795227,0.465236097574234
-0.15031564235687256,-0.5768627524375916,0.4682067632675171
-0.14153467118740082,-0.5749025344848633,0.4715263247489929
-0.13455884158611298,-0.5734427571296692,0.47406649589538574
-0.12517252564430237,-0.5715337991714478,0.4775508642196655
-0.11578576266765594,-0.5701903104782104,0.4806641936302185
-0.106410913169384,-0.5690129995346069,0.482550710439682
-0.09937670826911926,-0.5681634545326233,0.4833770990371704
-0.09012122452259064,-0.5674137473106384,0.4840494394302368
-0.08100676536560059,-0.5670428276062012,0.48423120379447937
-0.07429549843072891,-0.5670152306556702,0.4840826988220215
-0.0654086023569107,-0.567218542098999,0.48382091522216797
-0.05650505796074867,-0.5678114295005798,0.483328640460968
-0.0474044606089592,-0.5686718821525574,0.48237666487693787
-0.04044203460216522,-0.569249153137207,0.4815468490123749
-0.03129703179001808,-0.5703791975975037,0.481010377407074
-0.02231065183877945,-0.5719853639602661,0.4816639721393585
-0.015394947491586208,-0.5731424689292908,0.48280519247055054
-0.005770378280431032,-0.5745285749435425,0.4849821925163269
0.0039887516759335995,-0.5759155750274658,0.4871129095554352
0.013611970469355583,-0.577486515045166,0.4891880750656128
0.02068820409476757,-0.5787553787231445,0.4905177354812622
0.030035587027668953,-0.5806882977485657,0.4915883541107178
0.03924224525690079,-0.5830649137496948,0.4919390380382538
0.04581011086702347,-0.584775984287262,0.49193665385246277
0.054221492260694504,-0.5872901678085327,0.4918955862522125
0.06220271810889244,-0.5900729894638062,0.49221107363700867
0.06812029331922531,-0.5922017693519592,0.492477685213089
0.0760822519659996,-0.5949932932853699,0.49253275990486145
0.08397554606199265,-0.5979077219963074,0.4920532703399658
0.08973711729049683,-0.6002636551856995,0.4916527271270752
0.09711618721485138,-0.603357195854187,0.4914877414703369
0.10444281995296478,-0.6060819625854492,0.49166053533554077
0.11173311620950699,-0.608253002166748,0.49211105704307556
0.11705268174409866,-0.6095985174179077,0.49256378412246704
0.12352452427148819,-0.6108916401863098,0.4939487874507904
0.12947161495685577,-0.6115913987159729,0.4957074224948883
0.13346007466316223,-0.6116752624511719,0.4973093867301941
0.13820016384124756,-0.611178457736969,0.49955183267593384
0.14233575761318207,-0.6098294258117676,0.5018823742866516
0.14586099982261658,-0.6073046922683716,0.5046605467796326
0.14807526767253876,-0.6048380136489868,0.5066535472869873
0.15049634873867035,-0.601196825504303,0.5085895657539368
0.15233229100704193,-0.5970237851142883,0.509931206703186
0.15329575538635254,-0.593414306640625,0.5109168291091919
0.15413762629032135,-0.5878692269325256,0.5121172666549683
0.15441790223121643,-0.5817617177963257,0.5131430625915527
0.1543213278055191,-0.5767755508422852,0.5138031244277954
0.1539488136768341,-0.5695974230766296,0.5143516659736633
0.15276238322257996,-0.5620307326316833,0.5146987438201904
0.15124885737895966,-0.5540093779563904,0.514773964881897
0.14996746182441711,-0.5477768778800964,0.5147496461868286
0.14782842993736267,-0.5390654802322388,0.5151145458221436
0.14576455950737,-0.5300922989845276,0.5157867074012756
0.1444205790758133,-0.5232051014900208,0.5161860585212708
0.14281275868415833,-0.5139153003692627,0.5164312124252319
0.1415332406759262,-0.5045129060745239,0.5165108442306519
0.14035318791866302,-0.4947724938392639,0.5167794823646545
0.13984863460063934,-0.4876238703727722,0.5169147253036499
0.13958746194839478,-0.4780648350715637,0.5170321464538574
0.13967446982860565,-0.4686286449432373,0.5172364711761475
0.14015203714370728,-0.46146342158317566,0.5173054933547974
0.14131765067577362,-0.4520356357097626,0.5173659324645996
0.14316006004810333,-0.4428790807723999,0.5170810222625732
0.14477019011974335,-0.43600860238075256,0.5167182683944702
0.14735470712184906,-0.42701515555381775,0.5164008140563965
0.1505299210548401,-0.41816604137420654,0.5164242386817932
0.15416936576366425,-0.4092962443828583,0.5167391896247864
0.15724140405654907,-0.4026072025299072,0.5171700119972229
0.161716490983963,-0.3938661813735962,0.5179142355918884
0.16634202003479004,-0.38553375005722046,0.5192640423774719
0.17102974653244019,-0.377300500869751,0.5213691592216492
0.1748514473438263,-0.3710585832595825,0.5230766534805298
0.18050947785377502,-0.3629774749279022,0.5251231789588928
0.1848500370979309,-0.35706210136413574,0.5263903141021729
0.19078421592712402,-0.34951743483543396,0.5277014374732971
0.19690489768981934,-0.3422132432460785,0.5285143852233887
0.2031976580619812,-0.3352205157279968,0.5287876129150391
0.2079549878835678,-0.33024197816848755,0.5288037657737732
0.21435342729091644,-0.32411259412765503,0.5285310745239258
0.22101320326328278,-0.31837737560272217,0.5278592705726624
0.22799521684646606,-0.3128787577152252,0.526950478553772
0.23350773751735687,-0.3091440498828888,0.5261416435241699
0.2411271035671234,-0.30448129773139954,0.5245653986930847
0.2489461451768875,-0.30018317699432373,0.5223727822303772
0.2549819052219391,-0.2972300350666046,0.5205227136611938
0.26306015253067017,-0.2934488356113434,0.5183027386665344
0.2711855471134186,-0.28992050886154175,0.5162413120269775
0.27757683396339417,-0.28753331303596497,0.5145227313041687
0.28627023100852966,-0.2847624719142914,0.5118975043296814
0.2949727475643158,-0.28237372636795044,0.5089412331581116
0.30141815543174744,-0.2807903587818146,0.5066159963607788
0.30963295698165894,-0.2787714898586273,0.5036916732788086
0.31776270270347595,-0.2769756615161896,0.5008991360664368
0.3260151147842407,-0.27583998441696167,0.4981449544429779
0.3320964276790619,-0.2750994563102722,0.4961557686328888
0.3398587703704834,-0.2742539942264557,0.49374568462371826
0.3474298119544983,-0.273688942193985,0.491635799407959
0.354752779006958,-0.27342653274536133,0.48967593908309937
0.36020180583000183,-0.2732853293418884,0.48820120096206665
0.3672857880592346,-0.2733047902584076,0.4862663149833679
0.3725661635398865,-0.2733239233493805,0.4847656190395355
0.37970781326293945,-0.27332666516304016,0.4827680289745331
0.3865722119808197,-0.27352067828178406,0.4810633957386017
0.39350223541259766,-0.2736242413520813,0.47950127720832825
0.4005664885044098,-0.2735669016838074,0.47780972719192505
0.4057839512825012,-0.273479163646698,0.47654834389686584
0.41253945231437683,-0.2734038531780243,0.47531238198280334
0.4193142056465149,-0.2730036973953247,0.4747062623500824
0.4246601164340973,-0.2722650468349457,0.4746358394622803
0.4317907989025116,-0.27135351300239563,0.4752051830291748
0.4388412535190582,-0.2703465521335602,0.4763050675392151
0.4442347288131714,-0.2692919373512268,0.4774719178676605
0.4515383243560791,-0.267496258020401,0.4793701171875
0.4586538076400757,-0.265411376953125,0.4816370904445648
0.46398839354515076,-0.2635177969932556,0.4834642708301544
0.47120821475982666,-0.26088690757751465,0.48568782210350037
0.4782133102416992,-0.25814348459243774,0.48790672421455383
0.48333582282066345,-0.25594356656074524,0.4896620213985443
0.4900866150856018,-0.252675324678421,0.49219173192977905
0.4966551959514618,-0.2491363137960434,0.4948481619358063
0.5029001832008362,-0.2452893853187561,0.4977570176124573
0.5073630213737488,-0.24221034348011017,0.5001232624053955
0.5130026340484619,-0.2379448562860489,0.5033826231956482
0.5183402299880981,-0.23359240591526031,0.5067237019538879
0.5222088694572449,-0.23028172552585602,0.5090318322181702
0.5270035266876221,-0.22565799951553345,0.5115671157836914
0.5314446687698364,-0.22085894644260406,0.5133100152015686
0.5344949960708618,-0.2172410488128662,0.514125406742096
0.5381943583488464,-0.21241731941699982,0.514561116695404
0.5415211319923401,-0.2075871378183365,0.5144574642181396
0.5444965362548828,-0.20261125266551971,0.514079749584198
0.5463574528694153,-0.19882725179195404,0.5135292410850525
0.5485292077064514,-0.19379712641239166,0.5125734210014343
0.5506162047386169,-0.1886228621006012,0.5117488503456116
0.5522895455360413,-0.18346530199050903,0.5112079977989197
0.5532325506210327,-0.1795036643743515,0.5109123587608337
0.5541520118713379,-0.1740214228630066,0.5108419060707092
0.5547821521759033,-0.16975444555282593,0.5110105872154236
0.5556829571723938,-0.16241192817687988,0.5117449760437012
0.5560888648033142,-0.157906636595726,0.5121380686759949
0.5565242767333984,-0.1518324315547943,0.5126639008522034
0.5568171739578247,-0.14716705679893494,0.5130869150161743
0.556973934173584,-0.1406891644001007,0.5136556625366211
0.5568622946739197,-0.13393241167068481,0.5142008066177368
0.5567229986190796,-0.12874829769134521,0.5143965482711792
0.5563408136367798,-0.12175139039754868,0.5142071843147278
0.5558071136474609,-0.11446323990821838,0.5137603282928467
0.5554097890853882,-0.10887055844068527,0.5134245157241821
0.5547729730606079,-0.09954655170440674,0.5127426981925964
0.5544264316558838,-0.09399311244487762,0.5122467875480652
0.5540546774864197,-0.0867052674293518,0.511488139629364
0.553674578666687,-0.07940316945314407,0.5107988119125366
0.553382933139801,-0.07393276691436768,0.5102586150169373
0.5531392097473145,-0.06676654517650604,0.5094913840293884
0.5531738996505737,-0.0614236518740654,0.5087132453918457
0.5533500909805298,-0.05437823385000229,0.507256805896759
0.5536144375801086,-0.04740775749087334,0.5053033828735352
0.5539179444313049,-0.04062838852405548,0.5029644966125488
0.55420982837677,-0.03547969460487366,0.5010258555412292
0.5547097325325012,-0.028480742126703262,0.49827057123184204
0.5551932454109192,-0.021469542756676674,0.4956307113170624
0.5556061267852783,-0.01457259338349104,0.49345171451568604
0.555873453617096,-0.0093909977003932,0.49228760600090027
0.5560757517814636,-0.0021142459008842707,0.4913541078567505
0.5563147068023682,0.0034929579123854637,0.49094724655151367
0.5568913817405701,0.01082363910973072,0.49062517285346985
0.5574283003807068,0.018334638327360153,0.49075397849082947
0.5577993392944336,0.02607843466103077,0.49129346013069153
0.5581234693527222,0.03174252808094025,0.4919325113296509
0.5584965348243713,0.039205148816108704,0.49317026138305664
0.5587773323059082,0.04685649275779724,0.4948820471763611
0.5591338276863098,0.05257287248969078,0.4962366223335266
0.5595811605453491,0.0599357895553112,0.498055636882782
0.5598205327987671,0.06718187779188156,0.5000051856040955
0.5599044561386108,0.07424760609865189,0.5021566152572632
0.5599333047866821,0.08114005625247955,0.5042991042137146
0.5599486827850342,0.08605379611253738,0.5058344602584839
0.5599364042282104,0.09252219647169113,0.5077450275421143
0.5598296523094177,0.09735272079706192,0.5089978575706482
0.559511661529541,0.10362661629915237,0.5106747150421143
0.558940589427948,0.10957696288824081,0.512086808681488
0.558121919631958,0.11532460153102875,0.5133376121520996
0.5574176907539368,0.1195228323340416,0.5139689445495605
0.5564733147621155,0.12507691979408264,0.514285683631897
0.5554962754249573,0.13051116466522217,0.5138792991638184
0.5546450018882751,0.13439826667308807,0.513251543045044
0.5533509850502014,0.13940437138080597,0.5122790932655334
0.5520949959754944,0.14426696300506592,0.5111125111579895
0.5508812665939331,0.14906173944473267,0.5097256898880005
0.5499106049537659,0.1526121199131012,0.5087636113166809
0.5486490726470947,0.15735480189323425,0.5077009797096252
0.547601580619812,0.16093625128269196,0.5071642398834229
0.5456106066703796,0.1670188307762146,0.5070261359214783
0.5443306565284729,0.17065908014774323,0.5072413682937622
0.5425731539726257,0.17580708861351013,0.5077452659606934
0.5409352779388428,0.1811971366405487,0.5082301497459412
0.5395122766494751,0.18519693613052368,0.5083709359169006
0.5373716950416565,0.1908039152622223,0.508239209651947
0.5350847840309143,0.1967843621969223,0.5079954862594604
0.5331792235374451,0.20144054293632507,0.5077989101409912
0.5304374098777771,0.20790399610996246,0.5073519945144653
0.5277105569839478,0.2143886238336563,0.5065581798553467
0.5249501466751099,0.22116507589817047,0.5055380463600159
0.5227780938148499,0.22657394409179688,0.5046765208244324
0.5196444988250732,0.2339349091053009,0.5034990310668945
0.5171448588371277,0.2396472841501236,0.5028097033500671
0.5138348937034607,0.24732089042663574,0.5021756291389465
0.510710597038269,0.25509291887283325,0.5020636916160583
0.5074334144592285,0.26295652985572815,0.5024580359458923
0.5047615766525269,0.26879891753196716,0.5027685165405273
0.5012540817260742,0.2765178680419922,0.5028178095817566
0.4977858364582062,0.28425997495651245,0.5023504495620728
0.49511203169822693,0.2900102436542511,0.5016224980354309
0.49142253398895264,0.2976035475730896,0.5004034042358398
0.48772934079170227,0.30480146408081055,0.4989270567893982
0.4839412271976471,0.3116948902606964,0.49721208214759827
0.4810832738876343,0.31696921586990356,0.4959220290184021
0.4773385226726532,0.32382282614707947,0.49435901641845703
0.473589688539505,0.3304370045661926,0.4930367171764374
0.46999555826187134,0.3366270661354065,0.49182456731796265
0.4673948585987091,0.34113097190856934,0.4907754361629486
0.46415403485298157,0.34714916348457336,0.4891607165336609
0.4618769884109497,0.35176217555999756,0.48798301815986633
0.45905524492263794,0.3577781617641449,0.4867081642150879
0.4566740095615387,0.3635956048965454,0.48606741428375244
0.45480892062187195,0.3694033622741699,0.486000120639801
0.45375001430511475,0.3738235831260681,0.486248254776001
0.45272108912467957,0.3796749413013458,0.4870541989803314
0.4521830081939697,0.3854992389678955,0.48843619227409363
0.45209333300590515,0.39001452922821045,0.4898805022239685
0.4524279534816742,0.39598968625068665,0.4917182922363281
0.45326244831085205,0.4020530879497528,0.4933527410030365
0.45417141914367676,0.4067011773586273,0.4945428967475891
0.4554816484451294,0.41298356652259827,0.4960920810699463
0.45700037479400635,0.41923657059669495,0.49745383858680725
0.4587014317512512,0.4256182610988617,0.49839267134666443
0.4600559175014496,0.4305533468723297,0.49878424406051636
0.4619326591491699,0.43700218200683594,0.49900752305984497
0.46363556385040283,0.4433554410934448,0.4988101124763489
0.46515345573425293,0.4497010111808777,0.4985809326171875
0.4661070704460144,0.4544120132923126,0.4983547329902649
0.46725574135780334,0.46060025691986084,0.4980621635913849
0.468129426240921,0.46507275104522705,0.49792933464050293
0.4689539074897766,0.4709453582763672,0.49791160225868225
0.4691382050514221,0.47663211822509766,0.49794378876686096
0.4688405692577362,0.48192688822746277,0.4979884922504425
0.46834737062454224,0.4856693148612976,0.4978693723678589
0.4673827886581421,0.4906799793243408,0.4976898431777954
0.4657119810581207,0.4956786632537842,0.4980558156967163
0.4639188349246979,0.4992903172969818,0.49867889285087585
0.46123629808425903,0.5040171146392822,0.4997459948062897
0.45806053280830383,0.5086725354194641,0.5010372996330261
0.45405739545822144,0.5134425759315491,0.5027193427085876
0.45059460401535034,0.5170314908027649,0.5043407082557678
0.44557124376296997,0.5218109488487244,0.5068888664245605
0.4399988651275635,0.5263836979866028,0.5093287825584412
0.4355292320251465,0.5297536253929138,0.5109720230102539
0.4293764531612396,0.5341391563415527,0.5131771564483643
0.422737717628479,0.53848797082901,0.515884280204773
0.4173068702220917,0.5416198968887329,0.5180880427360535
0.40990161895751953,0.545626163482666,0.5210123658180237
0.4021637439727783,0.5493308305740356,0.5236285924911499
0.3963538408279419,0.552099883556366,0.5252715945243835
0.3885371685028076,0.5558534264564514,0.527166485786438
0.3803413212299347,0.5592507123947144,0.5288033485412598
0.37143149971961975,0.5621875524520874,0.5299503803253174
0.36240461468696594,0.5650430917739868,0.5303962826728821
0.3556181788444519,0.5670619010925293,0.5303512811660767
0.34634676575660706,0.5695297122001648,0.5298088788986206
0.3394168019294739,0.5714793801307678,0.5290423035621643
0.3275924623012543,0.5746437907218933,0.5275888442993164
0.3204869031906128,0.5761347413063049,0.5266152024269104
0.3110418915748596,0.57817143201828,0.5250805020332336
0.3041212260723114,0.5797824859619141,0.523797869682312
0.29513511061668396,0.5819324851036072,0.5220921635627747
0.2863655984401703,0.5839216709136963,0.5201247930526733
0.27988407015800476,0.585259735584259,0.518338143825531
0.27137571573257446,0.5868493318557739,0.5156184434890747
0.2630053460597992,0.5884515047073364,0.5127094388008118
0.254692405462265,0.5898239016532898,0.5097658038139343
0.24864141643047333,0.5908631086349487,0.507704496383667
0.24077223241329193,0.5922459363937378,0.505168080329895
0.23284758627414703,0.5934199094772339,0.5025272369384766
0.2271374613046646,0.5942140817642212,0.5002483129501343
0.22032654285430908,0.5952972173690796,0.4973219931125641
0.21390098333358765,0.5964373350143433,0.4951949417591095
0.20899522304534912,0.5974164009094238,0.4943524897098541
0.2024828940629959,0.5986911058425903,0.4938504993915558
0.19649673998355865,0.6001375913619995,0.49376925826072693
0.1910531371831894,0.6016712188720703,0.49385711550712585
0.18591420352458954,0.6033357381820679,0.494197279214859
0.18229621648788452,0.6045146584510803,0.49454060196876526
0.1776762455701828,0.6061492562294006,0.4953859746456146
0.1732850968837738,0.6077854633331299,0.4964662790298462
0.1702655553817749,0.6088372468948364,0.4970855116844177
0.16649439930915833,0.6104865074157715,0.4978065490722656
0.16373072564601898,0.6117047667503357,0.4985106885433197
0.16037622094154358,0.6129724383354187,0.49978107213974
0.15734073519706726,0.6140047311782837,0.5012743473052979
0.15452922880649567,0.615165114402771,0.5028772950172424
0.15263007581233978,0.6159422993659973,0.5040739178657532
0.15016566216945648,0.6166203022003174,0.5055144429206848
0.14761441946029663,0.6173413991928101,0.5067961812019348
0.1457078605890274,0.6180179119110107,0.5076084733009338
0.143167644739151,0.6187713146209717,0.508774995803833
0.14038586616516113,0.6193851828575134,0.5099902749061584
0.13715718686580658,0.6200159192085266,0.5113043785095215
0.13458052277565002,0.6204319000244141,0.512201726436615
0.13113363087177277,0.6209334135055542,0.5132691264152527
0.1275252252817154,0.6215095520019531,0.5143960118293762
0.12443293631076813,0.6220216751098633,0.5151753425598145
0.11984356492757797,0.6227720379829407,0.5158698558807373
0.11490122973918915,0.6234230995178223,0.5162436962127686
0.11104115843772888,0.6238510608673096,0.5163160562515259
0.10543694347143173,0.6244903206825256,0.5159830451011658
0.09944424778223038,0.6254605650901794,0.5153809189796448
0.09321466833353043,0.6262750625610352,0.5145784616470337
0.0883399024605751,0.6268382668495178,0.5139440298080444
0.08149679005146027,0.6275728940963745,0.5133078098297119
0.07427933812141418,0.6283363103866577,0.5126914381980896
0.06861281394958496,0.6290776133537292,0.5120625495910645
0.061144210398197174,0.6301738619804382,0.5110195875167847
0.053458210080862045,0.6310109496116638,0.5100066065788269
0.045304879546165466,0.6316733956336975,0.5091085433959961
0.03664699196815491,0.6323211789131165,0.508346438407898
0.030003579333424568,0.6327130198478699,0.5077804923057556
0.021104702726006508,0.6330486536026001,0.5069496631622314
0.01432579755783081,0.6331655383110046,0.5064076781272888
0.004997767973691225,0.6330834031105042,0.5058378577232361
-0.004607740789651871,0.6328176856040955,0.5055458545684814
-0.011939636431634426,0.6324753761291504,0.5055922269821167
-0.02174844592809677,0.6318441033363342,0.506027340888977
-0.03175920993089676,0.6308035254478455,0.506727397441864
-0.041797757148742676,0.629591166973114,0.5076490044593811
-0.04930654913187027,0.6286614537239075,0.5084958076477051
-0.05958498269319534,0.6270980834960938,0.5098006725311279
-0.07015957683324814,0.6253119707107544,0.5108978152275085
-0.0782853439450264,0.6238450407981873,0.5113086700439453
-0.08908053487539291,0.6216775178909302,0.5111944675445557
-0.09981456398963928,0.6194128394126892,0.5105299353599548
-0.11080735921859741,0.6167584657669067,0.5095472931861877
-0.11916288733482361,0.6147109866142273,0.508434534072876
-0.13023591041564941,0.6117269396781921,0.5065559148788452
-0.14126615226268768,0.6081833839416504,0.5045525431632996
-0.14950034022331238,0.6055373549461365,0.5031322240829468
-0.16042709350585938,0.6021285653114319,0.5015641450881958
-0.17124493420124054,0.5984918475151062,0.500411331653595
-0.17921243607997894,0.5955379605293274,0.4998045861721039
-0.18966044485569,0.5914950966835022,0.49946320056915283
-0.19975899159908295,0.5872619152069092,0.4998237192630768
-0.20718209445476532,0.5839980244636536,0.5003411769866943
-0.21938805282115936,0.5785040855407715,0.5013748407363892
-0.22659532725811005,0.5751562118530273,0.5021412372589111
-0.2361307144165039,0.5705873370170593,0.5032419562339783
-0.2454979419708252,0.565886914730072,0.5043290257453918
-0.2523961663246155,0.5622543692588806,0.5051817893981934
-0.26150521636009216,0.5574285984039307,0.5062576532363892
-0.2682062089443207,0.5538149476051331,0.5069541335105896
-0.27699753642082214,0.548906683921814,0.5078322291374207
-0.2857295870780945,0.5440821051597595,0.5086382627487183
-0.2942684292793274,0.5393244624137878,0.5093598961830139
-0.3004450798034668,0.5356840491294861,0.5097631216049194
-0.30849236249923706,0.5309404134750366,0.510031521320343
-0.31641748547554016,0.5263910889625549,0.5102806091308594
-0.32234930992126465,0.5231075286865234,0.510404646396637
-0.3300808072090149,0.5188376307487488,0.5102034211158752
-0.33752113580703735,0.5146917104721069,0.5095829963684082
-0.34295934438705444,0.5116633772850037,0.5088748931884766
-0.35014608502388,0.5078367590904236,0.5078299045562744
-0.3571232259273529,0.5042913556098938,0.5067046284675598
-0.36388102173805237,0.5009024739265442,0.5052292346954346
-0.3704639971256256,0.49762478470802307,0.5035784840583801
-0.37525129318237305,0.4951430559158325,0.5023816227912903
-0.3814432919025421,0.4919600784778595,0.5009881258010864
-0.3874969780445099,0.4889580011367798,0.4997998774051666
-0.39192962646484375,0.4868309497833252,0.4989873170852661
-0.39767923951148987,0.48404765129089355,0.4979591965675354
-0.40326443314552307,0.48118019104003906,0.49707797169685364
-0.407240629196167,0.479134738445282,0.4965708553791046
-0.4122341573238373,0.47664156556129456,0.4961954653263092
-0.41689956188201904,0.47417110204696655,0.4962247610092163
-0.42030200362205505,0.47229278087615967,0.4963708817958832
-0.42458948493003845,0.4698432683944702,0.49673816561698914
-0.42867323756217957,0.4672773480415344,0.4971149265766144
-0.43242940306663513,0.46477192640304565,0.49751317501068115
-0.43494951725006104,0.46282312273979187,0.49779951572418213
-0.43825647234916687,0.4601479172706604,0.4980589747428894
-0.44121289253234863,0.4571152925491333,0.49826857447624207
-0.4432011842727661,0.4546268582344055,0.4985467791557312
-0.44586142897605896,0.4511986970901489,0.4992161691188812
-0.4484638571739197,0.44757160544395447,0.49985378980636597
-0.45019540190696716,0.44461947679519653,0.5001876950263977
-0.4522557854652405,0.4402737319469452,0.5004225969314575
-0.4543322026729584,0.43582263588905334,0.5006846785545349
-0.45649847388267517,0.4311363101005554,0.5011483430862427
-0.45812633633613586,0.4273172616958618,0.5015944838523865
-0.4602549076080322,0.42200902104377747,0.5022068619728088
-0.46248191595077515,0.41647446155548096,0.5028603076934814
-0.46429207921028137,0.4122348427772522,0.5033410787582397
-0.46688157320022583,0.406501442193985,0.5039789080619812
-0.469767302274704,0.40056610107421875,0.5046650767326355
-0.47211623191833496,0.3961527347564697,0.5052103400230408
-0.47548022866249084,0.390254408121109,0.5057850480079651
-0.479056715965271,0.3841339647769928,0.5060471296310425
-0.4829123914241791,0.3779120147228241,0.5058396458625793
-0.4859508275985718,0.37331995368003845,0.5055930018424988
-0.4902695417404175,0.3672316074371338,0.5051125884056091
-0.4943942427635193,0.3610774278640747,0.5044695138931274
-0.49731993675231934,0.35633012652397156,0.5040844082832336
-0.501248300075531,0.3498687148094177,0.5041168332099915
-0.50543212890625,0.3434877097606659,0.5046398043632507
-0.5096743702888489,0.33692967891693115,0.5051212310791016
-0.5128215551376343,0.3320205807685852,0.5052701234817505
-0.5168183445930481,0.325530081987381,0.5051374435424805
-0.520766019821167,0.3188393712043762,0.5045116543769836
-0.5238116383552551,0.31386443972587585,0.503764271736145
-0.5279632806777954,0.30724477767944336,0.5028191804885864
-0.5322271585464478,0.3006601333618164,0.5017372369766235
-0.5364487767219543,0.2943006157875061,0.5005074739456177
-0.5395469069480896,0.2894778251647949,0.4996253550052643
-0.5437592267990112,0.282983660697937,0.49857279658317566
-0.5479903221130371,0.27660346031188965,0.49758991599082947
-0.5511279106140137,0.27188384532928467,0.4969455599784851
-0.5554240942001343,0.26585879921913147,0.4962228834629059
-0.5597772598266602,0.25996163487434387,0.49528807401657104
-0.5639947652816772,0.25401806831359863,0.493904709815979
-0.5670425295829773,0.2495536357164383,0.49269431829452515
-0.571049153804779,0.24370889365673065,0.4911024272441864
-0.5740734338760376,0.23949892818927765,0.49008768796920776
-0.5778670907020569,0.2339090257883072,0.4888385534286499
-0.5813480019569397,0.22820857167243958,0.48764750361442566
-0.5847707986831665,0.22264033555984497,0.48686137795448303
-0.5872929096221924,0.21858000755310059,0.4866081476211548
-0.590452253818512,0.21310177445411682,0.4866422414779663
-0.5932748317718506,0.20749779045581818,0.4871010482311249
-0.5953080058097839,0.20336592197418213,0.4874933063983917
-0.5978439450263977,0.1980355978012085,0.4879770874977112
-0.6002952456474304,0.1926310807466507,0.48817873001098633
-0.6026894450187683,0.18702778220176697,0.4880096912384033
-0.6044132709503174,0.18274076282978058,0.487918496131897
-0.6066927909851074,0.17705731093883514,0.4878711700439453
-0.6089853644371033,0.17146986722946167,0.48770037293434143
-0.6106035709381104,0.16716846823692322,0.4875284731388092
-0.6126822233200073,0.16128727793693542,0.487131267786026
-0.6145708560943604,0.155292809009552,0.4866890013217926
-0.6158447265625,0.1508040726184845,0.48650413751602173
-0.6174154281616211,0.14489905536174774,0.48651787638664246
-0.6189798712730408,0.1389017403125763,0.48675474524497986
-0.6203514337539673,0.13283348083496094,0.48708561062812805
-0.6211659908294678,0.12815141677856445,0.48730340600013733
-0.622126579284668,0.12182625383138657,0.4872291088104248
-0.6227881908416748,0.11562486737966537,0.48677054047584534
-0.6232711672782898,0.10933160781860352,0.4861235022544861
-0.6236820816993713,0.10469526797533035,0.48564276099205017
-0.6241244673728943,0.09850985556840897,0.48502543568611145
-0.6244815587997437,0.09203682839870453,0.48406511545181274
-0.6246846914291382,0.08710768073797226,0.48318102955818176
-0.6248921751976013,0.08066017180681229,0.48200318217277527
-0.6250825524330139,0.07426489889621735,0.4807972311973572
-0.6251082420349121,0.06939639896154404,0.47988712787628174
-0.6249146461486816,0.06294084340333939,0.4788358807563782
-0.6246082782745361,0.056422159075737,0.4777570366859436
-0.6243601441383362,0.05138835683465004,0.4768200218677521
-0.6239423751831055,0.04468486085534096,0.4753608703613281
-0.6235711574554443,0.03784579411149025,0.47397300601005554
-0.6230716109275818,0.030920054763555527,0.47274869680404663
-0.6226337552070618,0.02583807148039341,0.47191083431243896
-0.6219083666801453,0.0190267413854599,0.4707382321357727
-0.6211859583854675,0.011926889419555664,0.4692121148109436
-0.620552122592926,0.006638663820922375,0.4679885506629944
-0.6195363402366638,-0.0005185682093724608,0.46654510498046875
-0.6185990571975708,-0.00775164132937789,0.4656042754650116
-0.617698073387146,-0.01499554980546236,0.4649484157562256
-0.6168726086616516,-0.020484356209635735,0.46467334032058716
-0.6156193614006042,-0.02789706364274025,0.46441057324409485
-0.6133030652999878,-0.04081528261303902,0.4640669822692871
-0.6120335459709167,-0.04832608997821808,0.464067667722702
-0.6107061505317688,-0.055917780846357346,0.46448495984077454
-0.6096857190132141,-0.06165372580289841,0.46516814827919006
-0.608196496963501,-0.07133312523365021,0.4667510688304901
-0.6074156761169434,-0.07716834545135498,0.46778541803359985
-0.6063665151596069,-0.08504506200551987,0.4691326320171356
-0.6056562066078186,-0.0910215824842453,0.47022661566734314
-0.6047797799110413,-0.09901592880487442,0.4717143476009369
-0.6040750741958618,-0.10719835758209229,0.4733525216579437
-0.6036644577980042,-0.11333184689283371,0.4746078550815582
-0.603345513343811,-0.12131021916866302,0.47624364495277405
-0.6032845973968506,-0.12926235795021057,0.4775264859199524
-0.6032595038414001,-0.13518810272216797,0.47808921337127686
-0.6032560467720032,-0.14288754761219025,0.4784766733646393
-0.6032825708389282,-0.15070034563541412,0.47882163524627686
-0.603130042552948,-0.1584576964378357,0.47961363196372986
-0.6027560234069824,-0.16583837568759918,0.48113054037094116
-0.6025718450546265,-0.17116819322109222,0.4826492965221405
-0.6021053791046143,-0.17848579585552216,0.48485898971557617
-0.6015803217887878,-0.18391293287277222,0.4865546226501465
-0.6007841229438782,-0.19091832637786865,0.48884567618370056
-0.5999154448509216,-0.19785811007022858,0.4911552369594574
-0.5991976261138916,-0.20300832390785217,0.4927732050418854
-0.598050594329834,-0.2098603993654251,0.49456357955932617
-0.5968685150146484,-0.21660250425338745,0.4958783686161041
-0.5956257581710815,-0.22309210896492004,0.49676066637039185
-0.5945830345153809,-0.22789324820041656,0.49723154306411743
-0.5932220220565796,-0.23421891033649445,0.4976184666156769
-0.591622531414032,-0.24049437046051025,0.4977598786354065
-0.5898914337158203,-0.24662047624588013,0.49772176146507263
-0.5884501338005066,-0.251117467880249,0.49762165546417236
-0.5863436460494995,-0.2570526599884033,0.49725157022476196
-0.5838220715522766,-0.2629348635673523,0.496654212474823
-0.5817717909812927,-0.26728445291519165,0.49619486927986145
-0.5790155529975891,-0.27281683683395386,0.49578794836997986
-0.5758450627326965,-0.2780953645706177,0.49544936418533325
-0.573232889175415,-0.28208091855049133,0.49524378776550293
-0.5696493983268738,-0.28748053312301636,0.49498069286346436
-0.565925657749176,-0.29270368814468384,0.494634747505188
-0.562176525592804,-0.2975686192512512,0.49434685707092285
-0.5594719052314758,-0.3011072874069214,0.4942009150981903
-0.5558980703353882,-0.3058392107486725,0.49404528737068176
-0.55226069688797,-0.3104131817817688,0.49382901191711426
-0.549585223197937,-0.3137006461620331,0.4935217797756195
-0.5459256172180176,-0.3180181384086609,0.4928215742111206
-0.542161226272583,-0.32230767607688904,0.4921484589576721
-0.5386136770248413,-0.3264334201812744,0.4914977252483368
-0.5360581278800964,-0.3293931782245636,0.4909447431564331
-0.532720685005188,-0.3331596851348877,0.48999786376953125
-0.5293992757797241,-0.33673784136772156,0.4887385070323944
-0.5267252326011658,-0.3393322825431824,0.48758283257484436
-0.5231140851974487,-0.34265220165252686,0.485906720161438
-0.5198115110397339,-0.3459030091762543,0.48413413763046265
-0.5172580480575562,-0.3483804166316986,0.482740193605423
-0.5135217308998108,-0.3516041338443756,0.48095396161079407
-0.5095623731613159,-0.3543127179145813,0.4790664613246918
-0.5054205656051636,-0.3569474518299103,0.47732606530189514
-0.5023611187934875,-0.35888007283210754,0.4761771261692047
-0.4982779324054718,-0.36142173409461975,0.47480738162994385
-0.4939417541027069,-0.36401671171188354,0.47340500354766846
-0.4905080795288086,-0.36600497364997864,0.47227850556373596
-0.4857429265975952,-0.36860257387161255,0.4707348048686981
-0.48100656270980835,-0.3713774085044861,0.46920502185821533
-0.4764765799045563,-0.37454381585121155,0.46789196133613586
-0.47296202182769775,-0.37696027755737305,0.46671172976493835
-0.46805959939956665,-0.380221962928772,0.4651627540588379
-0.46314725279808044,-0.3839532732963562,0.46396875381469727
-0.4592858552932739,-0.38702189922332764,0.4633633494377136
-0.4539364278316498,-0.39131972193717957,0.4628662168979645
-0.44871097803115845,-0.3959459066390991,0.4628787934780121
-0.4448644518852234,-0.39969179034233093,0.4633755683898926
-0.43940308690071106,-0.4050581753253937,0.46454867720603943
-0.43394148349761963,-0.4108082056045532,0.4657725691795349
-0.42857980728149414,-0.4169809818267822,0.4671846628189087
-0.4245564639568329,-0.42181089520454407,0.4684973955154419
-0.4193961024284363,-0.428690642118454,0.47097650170326233
-0.4142265319824219,-0.4363020658493042,0.47426748275756836
-0.41029009222984314,-0.4425060749053955,0.4771309196949005
-0.4050309956073761,-0.4509720802307129,0.48099544644355774
-0.3998836874961853,-0.4597482681274414,0.4847753345966339
-0.3962022066116333,-0.46668335795402527,0.48780328035354614
-0.39143043756484985,-0.47655773162841797,0.49175551533699036
-0.3868260383605957,-0.48687493801116943,0.49526163935661316
-0.3825850188732147,-0.4974985718727112,0.4984807074069977
-0.37942376732826233,-0.5056499242782593,0.5005099177360535
-0.37513837218284607,-0.5167092084884644,0.5026484727859497
-0.3708702325820923,-0.5278865098953247,0.5043397545814514
-0.36765041947364807,-0.5363646149635315,0.5056379437446594
-0.3634449541568756,-0.5474321842193604,0.5073378086090088
-0.3590698540210724,-0.5585720539093018,0.5087797045707703
-0.35431620478630066,-0.5696154832839966,0.5102441310882568
-0.3507510721683502,-0.577707052230835,0.5114089846611023
-0.346049427986145,-0.588186502456665,0.513058066368103
-0.34120017290115356,-0.59824138879776,0.5145717859268188
-0.3374840021133423,-0.6054263710975647,0.5154553651809692
-0.33254098892211914,-0.6146848201751709,0.5161815285682678
-0.3275308907032013,-0.623501181602478,0.5164428949356079
-0.3238414227962494,-0.6298409700393677,0.5164299011230469
-0.31916195154190063,-0.6378670930862427,0.5162606835365295
-0.3144207000732422,-0.6453575491905212,0.516014039516449
-0.30969423055648804,-0.652482271194458,0.515882134437561
-0.3015248477458954,-0.6635491847991943,0.5153961777687073
-0.2969163656234741,-0.6690610647201538,0.514835000038147
-0.29356953501701355,-0.6729199886322021,0.5146039128303528
-0.2889719009399414,-0.6777567863464355,0.5142914056777954
-0.28424423933029175,-0.6822605133056641,0.5139458775520325
-0.2797480821609497,-0.686353862285614,0.513201117515564
-0.2764092683792114,-0.6891626715660095,0.5121738910675049
-0.2717215418815613,-0.6926155090332031,0.5101522207260132
-0.2667574882507324,-0.6956793069839478,0.5076384544372559
-0.26294296979904175,-0.6976520419120789,0.5056414008140564
-0.2576076090335846,-0.7003453373908997,0.5032715797424316
-0.2520280182361603,-0.7029235363006592,0.5015226006507874
-0.24746930599212646,-0.7044971585273743,0.5003909468650818
-0.2410326451063156,-0.7062391042709351,0.4989641010761261
-0.23433397710323334,-0.707585334777832,0.4976561665534973
-0.22891400754451752,-0.7084217667579651,0.4966433048248291
-0.22138278186321259,-0.7093421816825867,0.4954405128955841
-0.21355625987052917,-0.709821343421936,0.4945564866065979
-0.20754438638687134,-0.7098923921585083,0.49409347772598267
-0.1993253380060196,-0.7095406651496887,0.4936023950576782
-0.19066034257411957,-0.708749532699585,0.4931199550628662
-0.18160270154476166,-0.7076816558837891,0.4926944375038147
-0.1746484339237213,-0.7065353989601135,0.4925086796283722
-0.16545403003692627,-0.7045353055000305,0.4927771985530853
-0.156171977519989,-0.7020721435546875,0.4934740960597992
-0.14895589649677277,-0.7000514268875122,0.4942287802696228
-0.13899275660514832,-0.6969332098960876,0.49548932909965515
-0.1288401335477829,-0.6934200525283813,0.49699050188064575
-0.11850320547819138,-0.6894951462745667,0.49853965640068054
-0.11067259311676025,-0.6865015029907227,0.4997137784957886
-0.10020916163921356,-0.6823706030845642,0.501137912273407
-0.08966848999261856,-0.6780120134353638,0.5024919509887695
-0.07934492826461792,-0.6738008260726929,0.5042936205863953
-0.07163488119840622,-0.6706243753433228,0.5061547160148621
-0.061413392424583435,-0.666276216506958,0.5090246796607971
-0.051314011216163635,-0.6618493795394897,0.5116139054298401
-0.043968379497528076,-0.6586698889732361,0.5132727026939392
-0.034582287073135376,-0.6545554399490356,0.5151527523994446
-0.02545754425227642,-0.650185763835907,0.5166352987289429
-0.018713198602199554,-0.6469428539276123,0.5174806118011475
-0.009923446923494339,-0.6427576541900635,0.5179653763771057
-0.0015098471194505692,-0.638474702835083,0.5176615715026855
0.004599901381880045,-0.6353244781494141,0.5171046853065491
0.012507164850831032,-0.630876898765564,0.5159273147583008
0.020126372575759888,-0.6264017820358276,0.5141614079475403
0.027259331196546555,-0.6219084858894348,0.5117943286895752
0.032261330634355545,-0.6185564398765564,0.5097758173942566
0.03839700296521187,-0.6144307255744934,0.5071737766265869
0.044118236750364304,-0.610529363155365,0.5042621493339539
0.049213897436857224,-0.6069713234901428,0.5015855431556702
0.05253225192427635,-0.6043792963027954,0.49975016713142395
0.056432660669088364,-0.6009373664855957,0.49765992164611816
0.060203731060028076,-0.5976392030715942,0.4958004653453827
0.06293291598558426,-0.5954080820083618,0.49444612860679626
0.06636110693216324,-0.5926206707954407,0.49276360869407654
0.06949283182621002,-0.5900604128837585,0.4915344715118408
0.07185790687799454,-0.5882960557937622,0.49088627099990845
0.07519383728504181,-0.5860596299171448,0.4903043508529663
0.07857635617256165,-0.5839480757713318,0.49046650528907776
0.08209250122308731,-0.5819522738456726,0.49162501096725464
0.08492748439311981,-0.5803054571151733,0.49264204502105713
0.08879846334457397,-0.5781726241111755,0.49411681294441223
0.09157814085483551,-0.576720654964447,0.4953819513320923
0.09543494880199432,-0.5745484232902527,0.497221976518631
0.09985753148794174,-0.5722439885139465,0.4989917576313019
0.10454671829938889,-0.5699574947357178,0.5005492568016052
0.10793297737836838,-0.5681263208389282,0.501826822757721
0.11244072020053864,-0.5655888915061951,0.5036077499389648
0.11681708693504333,-0.5630620718002319,0.5056048035621643
0.12146107107400894,-0.5605518221855164,0.5075674057006836
0.12505052983760834,-0.5585959553718567,0.5089611411094666
0.12986735999584198,-0.5561386346817017,0.5105291604995728
0.13476893305778503,-0.553982138633728,0.5115911960601807
0.13840702176094055,-0.5524343848228455,0.5120441913604736
0.14298008382320404,-0.5504414439201355,0.5125208497047424
0.1475551575422287,-0.5485008955001831,0.5127928256988525
0.1524290144443512,-0.5465103983879089,0.5126463770866394
0.15601611137390137,-0.5449501872062683,0.5123831629753113
0.16061346232891083,-0.5428705215454102,0.5123323798179626
0.1650867909193039,-0.540858805179596,0.5126006603240967
0.16872502863407135,-0.5392566919326782,0.5125280022621155
0.17394839227199554,-0.5370621681213379,0.5117892622947693
0.1792297512292862,-0.5349993109703064,0.5106832385063171
0.1832113415002823,-0.5335280299186707,0.5097754001617432
0.18860206007957458,-0.5314036011695862,0.5084326267242432
0.19406859576702118,-0.5290095806121826,0.5070604085922241
0.19968408346176147,-0.5264723300933838,0.5056049823760986
0.2039804309606552,-0.5246480703353882,0.5043180584907532
0.20964963734149933,-0.5221483111381531,0.5024505853652954
0.21552273631095886,-0.5191673636436462,0.5007048845291138
0.21997429430484772,-0.5167316198348999,0.4994715750217438
0.2260059416294098,-0.5133706331253052,0.49796977639198303
0.2323591560125351,-0.5098162889480591,0.49647873640060425
0.23717272281646729,-0.506942629814148,0.4954656958580017
0.24346797168254852,-0.502812922000885,0.49453121423721313
0.24971114099025726,-0.4983763098716736,0.49400508403778076
0.2563048303127289,-0.4937900900840759,0.4936121702194214
0.2614361643791199,-0.490295946598053,0.49341318011283875
0.26844656467437744,-0.48555368185043335,0.493039071559906
0.27561479806900024,-0.48075640201568604,0.4925075173377991
0.2830544710159302,-0.47568944096565247,0.4918850362300873
0.28878316283226013,-0.47175848484039307,0.4912962317466736
0.29668962955474854,-0.46643543243408203,0.49079084396362305
0.30483099818229675,-0.4607132077217102,0.4904839098453522
0.31092116236686707,-0.45622092485427856,0.49048560857772827
0.3189890384674072,-0.4502967298030853,0.4909830391407013
0.3270863890647888,-0.4441169202327728,0.49156633019447327
0.33312439918518066,-0.4392741918563843,0.49203693866729736
0.34108948707580566,-0.4323667287826538,0.4928149878978729
0.3489803671836853,-0.42517396807670593,0.49403873085975647
0.35486745834350586,-0.41963350772857666,0.49529409408569336
0.3625885546207428,-0.4119967818260193,0.4975624084472656
0.3701064884662628,-0.4041042625904083,0.500261664390564
0.3775952458381653,-0.3958306908607483,0.5029534697532654
0.38319626450538635,-0.3893723785877228,0.5048221945762634
0.390444815158844,-0.38068467378616333,0.5069298148155212
0.3974359929561615,-0.37202194333076477,0.5086514353752136
0.4026522934436798,-0.3655223250389099,0.5097863078117371
0.4093702435493469,-0.3567298948764801,0.5113837122917175
0.4157046675682068,-0.3478042781352997,0.5130180716514587
0.4202544391155243,-0.341240793466568,0.514178454875946
0.4260539710521698,-0.3326609134674072,0.5155594944953918
0.43155989050865173,-0.3244380056858063,0.5167170166969299
0.43547526001930237,-0.31845927238464355,0.5173788070678711
0.4403054714202881,-0.31066691875457764,0.5178382992744446
0.44474637508392334,-0.30342429876327515,0.5179376602172852
0.4486193060874939,-0.2965526580810547,0.5177016258239746
0.4511389434337616,-0.29148995876312256,0.5174059867858887
0.45424598455429077,-0.2851155698299408,0.5170334577560425
0.4571382403373718,-0.27904757857322693,0.5165694355964661
0.45916905999183655,-0.2746233642101288,0.5162128806114197
0.4616053104400635,-0.26897627115249634,0.5156528353691101
0.46383431553840637,-0.2635989785194397,0.5148845911026001
0.4658365249633789,-0.2581963539123535,0.5141011476516724
0.4670909643173218,-0.2542349696159363,0.5136934518814087
0.46848064661026,-0.24903316795825958,0.513141930103302
0.46975305676460266,-0.24391981959342957,0.5125101208686829
0.47064173221588135,-0.2389036864042282,0.5120782852172852
0.4711902439594269,-0.2351362556219101,0.511991560459137
0.4719404876232147,-0.22996535897254944,0.5121672749519348
0.4724028408527374,-0.22481825947761536,0.5124616622924805
0.4726443588733673,-0.22105218470096588,0.5125916004180908
0.4729796350002289,-0.21579609811306,0.5125685334205627
0.4733434319496155,-0.2104458212852478,0.5125930905342102
0.47364750504493713,-0.20655876398086548,0.5126893520355225
0.47404658794403076,-0.20122022926807404,0.512970507144928
0.4744330048561096,-0.1953546404838562,0.5133189558982849
0.47508513927459717,-0.18929089605808258,0.5136449933052063
0.475766658782959,-0.18475399911403656,0.5137206315994263
0.47690191864967346,-0.17844580113887787,0.5138483047485352
0.4777679443359375,-0.17347285151481628,0.5140653252601624
0.4788551330566406,-0.16672100126743317,0.5142360329627991
0.4802037179470062,-0.1598726511001587,0.5139558911323547
0.4818774461746216,-0.15288196504116058,0.5129011869430542
0.4837948679924011,-0.14568741619586945,0.5111276507377625
0.48530128598213196,-0.14024481177330017,0.5093967318534851
0.48740607500076294,-0.13308043777942657,0.5067543387413025
0.4891050159931183,-0.12771862745285034,0.5045927166938782
0.4916011095046997,-0.12049514800310135,0.5016763210296631
0.4944095313549042,-0.11339610815048218,0.49883466958999634
0.4974644184112549,-0.10643333196640015,0.49589741230010986
0.5008446574211121,-0.09976000338792801,0.49291154742240906
0.5034664869308472,-0.09504065662622452,0.49057087302207947
0.5068840980529785,-0.08928794413805008,0.4874136447906494
0.510307252407074,-0.08392803370952606,0.48424988985061646
0.512913703918457,-0.08007638156414032,0.48198726773262024
0.5162671208381653,-0.07533188909292221,0.4797849655151367
0.518429160118103,-0.07202643901109695,0.47874534130096436
0.5210809111595154,-0.067881740629673,0.4779622554779053
0.5236218571662903,-0.06403083354234695,0.4780382812023163
0.526062548160553,-0.06038757041096687,0.47872817516326904
0.5285058617591858,-0.05685379356145859,0.4796321988105774
0.5301652550697327,-0.05433839559555054,0.4806223213672638
0.5319695472717285,-0.05101215839385986,0.4824538826942444
0.5332816243171692,-0.04849660396575928,0.48412245512008667
0.5353876352310181,-0.04501380771398544,0.4864448010921478
0.5379566550254822,-0.041560154408216476,0.48902466893196106
0.5400693416595459,-0.0390605702996254,0.49114513397216797
0.542834460735321,-0.03578624129295349,0.49403318762779236
0.5456467866897583,-0.032453376799821854,0.49651941657066345
0.5488171577453613,-0.028958942741155624,0.4985664188861847
0.5514085292816162,-0.02622765302658081,0.4999088943004608
0.5548838376998901,-0.022375842556357384,0.5015669465065002
0.5583257675170898,-0.018528351560235023,0.5034151673316956
0.560942530632019,-0.01546129584312439,0.504468560218811
0.564419150352478,-0.011088446713984013,0.505468487739563
0.5678086876869202,-0.006308345589786768,0.5056791305541992
0.5713338255882263,-0.0010202559642493725,0.5050420165061951
0.5740557909011841,0.0031815588008612394,0.5042430758476257
0.577501118183136,0.009007105603814125,0.5027890205383301
0.5807292461395264,0.01536574773490429,0.5008743405342102
0.5830121636390686,0.02037414163351059,0.4991385042667389
0.5858420133590698,0.027154238894581795,0.49656790494918823
0.5885467529296875,0.033926550298929214,0.49403804540634155
0.5909664630889893,0.04124584421515465,0.4917892813682556
0.5925566554069519,0.04694760963320732,0.49040311574935913
0.5944518446922302,0.05469188839197159,0.48907917737960815
0.5961157083511353,0.062218077480793,0.48853686451911926
0.5975754261016846,0.06953781843185425,0.4889645576477051
0.5985388159751892,0.07516133040189743,0.4897364377975464
0.5996654629707336,0.08269558846950531,0.4907267689704895
0.6004849672317505,0.08828528225421906,0.49126920104026794
0.6015509366989136,0.09555819630622864,0.49163389205932617
0.6023908257484436,0.10275564342737198,0.49171170592308044
0.6028636693954468,0.10814076662063599,0.4918213188648224
0.6035131812095642,0.11541415750980377,0.49189698696136475
0.6040661931037903,0.12245238572359085,0.49206066131591797
0.6043902635574341,0.12906880676746368,0.49234437942504883
0.6046492457389832,0.13383854925632477,0.49253806471824646
0.6049278378486633,0.14021475613117218,0.4924212396144867
0.6052742600440979,0.1468357890844345,0.4916466474533081
0.6058690547943115,0.15355446934700012,0.49046820402145386
0.6063854694366455,0.15845756232738495,0.489533931016922
0.6071171164512634,0.16488555073738098,0.488212913274765
0.607809841632843,0.17164655029773712,0.48660022020339966
0.6084222793579102,0.17708320915699005,0.48517292737960815
0.6093505620956421,0.1843828409910202,0.4829646348953247
0.6103517413139343,0.19161875545978546,0.48055222630500793
0.6110566854476929,0.19715866446495056,0.4786110818386078
0.6120092272758484,0.20496925711631775,0.4758033752441406
0.6128266453742981,0.21334227919578552,0.47313809394836426
0.6136611104011536,0.22202181816101074,0.4709944427013397
0.6143538951873779,0.22876964509487152,0.47002971172332764
0.6154492497444153,0.23790284991264343,0.4699244499206543
0.6168628931045532,0.24760255217552185,0.47134605050086975
0.6178025603294373,0.2553369104862213,0.47337308526039124
0.6190488934516907,0.2657700479030609,0.4767524003982544
0.620997965335846,0.2768780291080475,0.48074012994766235
0.6231430768966675,0.28852126002311707,0.4848604202270508
0.6247055530548096,0.29722046852111816,0.48804235458374023
0.6265396475791931,0.3089424669742584,0.4924684166908264
0.6280514597892761,0.32096582651138306,0.4968132972717285
0.6294905543327332,0.3332414925098419,0.5008983016014099
0.6303972005844116,0.3422977924346924,0.5037758350372314
0.6313053965568542,0.35417458415031433,0.507479727268219
0.6318703889846802,0.3658566176891327,0.5108481645584106
0.6319945454597473,0.374446839094162,0.5129713416099548
0.631820023059845,0.3856794238090515,0.5152458548545837
0.6311206817626953,0.39666932821273804,0.5168256163597107
0.6302396655082703,0.4047795534133911,0.5174592733383179
0.6288095712661743,0.4153189957141876,0.5175635814666748
0.6269715428352356,0.42528876662254333,0.5167896747589111
0.6252386569976807,0.4325442314147949,0.5157380700111389
0.6225367784500122,0.441963255405426,0.5138016939163208
0.6194362044334412,0.45100831985473633,0.5113993883132935
0.6160752773284912,0.459567129611969,0.5085949301719666
0.6132632493972778,0.4656858444213867,0.5062698125839233
0.6089605689048767,0.47333699464797974,0.5027793049812317
0.6054319739341736,0.47862717509269714,0.4998469650745392
0.6005668044090271,0.4851514399051666,0.4954722821712494
0.5954911112785339,0.4910346269607544,0.49088749289512634
0.5900548100471497,0.4963860809803009,0.48656266927719116
0.5857204794883728,0.49981388449668884,0.4835640490055084
0.5796087980270386,0.5037426352500916,0.47996285557746887
0.5730553865432739,0.5069977641105652,0.47686946392059326
0.5679088830947876,0.5091035962104797,0.4749908447265625
0.5591256022453308,0.5117483139038086,0.47208619117736816
0.5537360906600952,0.5128534436225891,0.4706350564956665
0.546168327331543,0.5138047933578491,0.4692103862762451
0.5403318405151367,0.5142928957939148,0.46864742040634155
0.5323428511619568,0.5145967602729797,0.4687735438346863
0.5241333246231079,0.5146946310997009,0.4696090519428253
0.5179056525230408,0.5146214962005615,0.470627099275589
0.5094985961914062,0.5142232179641724,0.4726119041442871
0.5009433627128601,0.5136715769767761,0.47521504759788513
0.4922211468219757,0.5129979848861694,0.4782513678073883
0.48550182580947876,0.5123823285102844,0.48064735531806946
0.47643840312957764,0.5114501118659973,0.48379188776016235
0.4672366976737976,0.5106187462806702,0.4869399070739746
0.45795881748199463,0.5099128484725952,0.48994070291519165
0.45102620124816895,0.5093778371810913,0.49201977252960205
0.44186118245124817,0.5085968375205994,0.4945800304412842
0.4326525330543518,0.5077946782112122,0.49731963872909546
0.42577648162841797,0.5072848200798035,0.49965783953666687
0.416818767786026,0.5068215131759644,0.5030690431594849
0.4080154001712799,0.506540060043335,0.5067991614341736
0.4013814330101013,0.5065519213676453,0.5097748637199402
0.39250609278678894,0.5067881941795349,0.5137762427330017
0.3837486803531647,0.5072802305221558,0.5173872709274292
0.37719935178756714,0.5078310966491699,0.5195739269256592
0.3685210943222046,0.5088567137718201,0.5215646028518677
0.35984620451927185,0.5101470351219177,0.5225875377655029
0.3511158525943756,0.5116479992866516,0.5229305028915405
0.3445889949798584,0.5129677057266235,0.5229068994522095
0.3360474407672882,0.515086829662323,0.5224862098693848
0.3277360498905182,0.5172880291938782,0.5216241478919983
0.3215654194355011,0.5189212560653687,0.5207194089889526
0.313355028629303,0.5213732719421387,0.5192891955375671
0.30534571409225464,0.5240821838378906,0.5175008177757263
0.29955390095710754,0.5262053608894348,0.5160396099090576
0.2919805943965912,0.5291732549667358,0.5141083002090454
0.2846507728099823,0.5323619842529297,0.5122387409210205
0.27936509251594543,0.5348470211029053,0.5107790231704712
0.2725474238395691,0.5382490754127502,0.5087447166442871
0.2658063769340515,0.5416266918182373,0.5069543719291687
0.2592126131057739,0.544975996017456,0.5056682825088501
0.25448137521743774,0.5475581288337708,0.5050443410873413
0.2484821379184723,0.5510519742965698,0.5048142075538635
0.2427268922328949,0.5546121001243591,0.5052579641342163
0.23730307817459106,0.5581892728805542,0.5060312151908875
0.23325049877166748,0.5606246590614319,0.5067155957221985
0.22798185050487518,0.5636700987815857,0.5075873136520386
0.22262151539325714,0.5665997862815857,0.5085083842277527
0.21731656789779663,0.5696152448654175,0.5093632340431213
0.2135930359363556,0.5717102289199829,0.5098255276679993
0.20888273417949677,0.5742380619049072,0.5106288194656372
0.20528486371040344,0.5761723518371582,0.5113075971603394
0.2003660947084427,0.5786950588226318,0.5122267007827759
0.1952693611383438,0.5809445381164551,0.5129464268684387
0.1900589019060135,0.5829700827598572,0.5131060481071472
0.18613161146640778,0.5844838619232178,0.5130718946456909
0.18083199858665466,0.5865312218666077,0.5128138661384583
0.17544306814670563,0.5885828137397766,0.5123145580291748
0.17135079205036163,0.590008556842804,0.511730432510376
0.16569682955741882,0.5917052626609802,0.5108774900436401
0.16018833220005035,0.5932433605194092,0.5100677609443665
0.15484972298145294,0.5945876240730286,0.5095192790031433
0.15061765909194946,0.5955569744110107,0.5094905495643616
0.1447414755821228,0.596844494342804,0.5099531412124634
0.13887929916381836,0.5979049801826477,0.5108361840248108
0.13443754613399506,0.5986401438713074,0.5116467475891113
0.12842659652233124,0.5995749235153198,0.5126572251319885
0.12219066172838211,0.6003373861312866,0.5132522583007812
0.11737291514873505,0.600767195224762,0.5134794116020203
0.11064932495355606,0.6013253331184387,0.5135936737060547
0.10362764447927475,0.6019413471221924,0.513540506362915
0.09820517897605896,0.6023404598236084,0.5134009718894958
0.0907619297504425,0.6027897596359253,0.5132066011428833
0.08310241997241974,0.6033130884170532,0.5130077004432678
0.07521037012338638,0.6038736701011658,0.5126636624336243
0.06906749308109283,0.6042861938476562,0.512269914150238
0.06075470149517059,0.6047781705856323,0.5116921067237854
0.052207332104444504,0.6051493883132935,0.511231541633606
0.0433540977537632,0.605374813079834,0.5109237432479858
0.036614883691072464,0.6053816080093384,0.5107100605964661
0.027600344270467758,0.6052230000495911,0.5103535056114197
0.020853040739893913,0.6049659848213196,0.5101314783096313
0.011794699355959892,0.6044614911079407,0.5101813673973083
0.00251303450204432,0.6037396192550659,0.5107781291007996
-0.006933893077075481,0.6028831005096436,0.5116806030273438
-0.01642741821706295,0.6017807126045227,0.5126174688339233
-0.023465711623430252,0.6007992029190063,0.5132452845573425
-0.03273402899503708,0.5993221402168274,0.5139654278755188
-0.04202212765812874,0.5975934267044067,0.5145055651664734
-0.049014389514923096,0.5962817072868347,0.5148869156837463
-0.05847076699137688,0.5944936275482178,0.51540207862854
-0.06796648353338242,0.5924804210662842,0.5157710909843445
-0.07486618310213089,0.5909594297409058,0.5159685015678406
-0.08374600857496262,0.5887473225593567,0.5164219737052917
-0.09266097098588943,0.586476743221283,0.517246663570404
-0.1017475500702858,0.5842771530151367,0.5180350542068481
-0.10849439352750778,0.5826512575149536,0.5183606743812561
-0.11735525727272034,0.5803849697113037,0.5183214545249939
-0.12392561137676239,0.5787215828895569,0.5179120898246765
-0.13245227932929993,0.5766487717628479,0.5168715119361877
-0.14078454673290253,0.5746741890907288,0.515254557132721
-0.14881689846515656,0.5727123022079468,0.5132488012313843
-0.15468858182430267,0.5712221264839172,0.5118282437324524
-0.16251099109649658,0.569240152835846,0.510250985622406
-0.17017611861228943,0.5673983097076416,0.5088021755218506
-0.17586834728717804,0.5661329627037048,0.5076266527175903
-0.1833062767982483,0.5645056366920471,0.5059740543365479
-0.19026729464530945,0.5630875825881958,0.5040818452835083
-0.19688330590724945,0.5616597533226013,0.5020052194595337
-0.20174847543239594,0.5605654120445251,0.5005199909210205
-0.2081621289253235,0.5589483976364136,0.4987969696521759
-0.21435226500034332,0.5574884414672852,0.4971647262573242
-0.22041894495487213,0.5563738346099854,0.49521705508232117
-0.22483684122562408,0.5555465817451477,0.49325886368751526
-0.23019039630889893,0.5545521378517151,0.4901820719242096
-0.23388835787773132,0.5538233518600464,0.4879079759120941
-0.23872439563274384,0.5527075529098511,0.4856623411178589
-0.24349969625473022,0.5517984628677368,0.4842946529388428
-0.24825431406497955,0.5512314438819885,0.4831683933734894
-0.2517082989215851,0.5509855151176453,0.48227658867836
-0.2561205327510834,0.5507530570030212,0.480896919965744
-0.26027604937553406,0.5505436062812805,0.47945189476013184
-0.26314201951026917,0.5503677725791931,0.4784030616283417
-0.2667645215988159,0.5502620339393616,0.4774387776851654
-0.27062636613845825,0.5502455234527588,0.47689107060432434
-0.2743959128856659,0.5504163503646851,0.4764341711997986
-0.27703091502189636,0.5505740642547607,0.4761469066143036
-0.28049084544181824,0.5509305000305176,0.4756835401058197
-0.283717542886734,0.5514959692955017,0.4750940203666687
-0.2859483063220978,0.551810622215271,0.47484076023101807
-0.2890118658542633,0.5521522760391235,0.47453975677490234
-0.2920815050601959,0.5526368021965027,0.4745156466960907
-0.2943073511123657,0.5530676245689392,0.47469422221183777
-0.2971159815788269,0.5536751747131348,0.4753318130970001
-0.2999705374240875,0.5540904402732849,0.4761880338191986
-0.3022018074989319,0.5543080568313599,0.47696223855018616
-0.30518272519111633,0.5547251105308533,0.4779616594314575
-0.3085230886936188,0.5550122261047363,0.4787541329860687
-0.3121502995491028,0.5549102425575256,0.4793119430541992
-0.31577619910240173,0.5544478893280029,0.4797597825527191
-0.31844785809516907,0.5538594126701355,0.4800950288772583
-0.3221128284931183,0.5526847839355469,0.4804992973804474
-0.3259788453578949,0.5514803528785706,0.4808242619037628
-0.32905006408691406,0.5503652095794678,0.48111286759376526
-0.33303558826446533,0.548295259475708,0.4816123843193054
-0.33700916171073914,0.5459882020950317,0.48227813839912415
-0.3401271402835846,0.5442282557487488,0.4828908443450928
-0.3444473445415497,0.5414950847625732,0.4836682975292206
-0.3487405776977539,0.5384793877601624,0.4844761788845062
-0.3520301878452301,0.5360690951347351,0.48513561487197876
-0.35679149627685547,0.5325475335121155,0.48601850867271423
-0.36176711320877075,0.5287377834320068,0.4867110550403595
-0.36547330021858215,0.5257630944252014,0.4870818853378296
-0.37055444717407227,0.5214362144470215,0.48778194189071655
-0.37596556544303894,0.5166362524032593,0.48884913325309753
-0.38189056515693665,0.5115266442298889,0.49014562368392944
-0.3865199685096741,0.5075233578681946,0.4910884499549866
-0.3927789032459259,0.5018489360809326,0.49223169684410095
-0.3991895616054535,0.49583899974823,0.49321505427360535
-0.40595853328704834,0.48947417736053467,0.49403008818626404
-0.4112505614757538,0.484546035528183,0.4944508969783783
-0.41845670342445374,0.4778234660625458,0.49482667446136475
-0.4258646070957184,0.47092869877815247,0.4949718713760376
-0.4314219057559967,0.4656858444213867,0.49488747119903564
-0.4387481212615967,0.45873111486434937,0.49452945590019226
-0.4463166892528534,0.4517830014228821,0.493609219789505
-0.45403772592544556,0.4448564648628235,0.49202364683151245
-0.4598415195941925,0.4396839141845703,0.49049821496009827
-0.467729389667511,0.43288037180900574,0.4883783161640167
-0.4737500548362732,0.4278506934642792,0.48690882325172424
-0.4817448556423187,0.4213261306285858,0.484884113073349
-0.489420622587204,0.4150989055633545,0.4828192889690399
-0.4967741370201111,0.40876930952072144,0.4810333549976349
-0.502219557762146,0.40370437502861023,0.4801909029483795
-0.5094671249389648,0.3971283733844757,0.47972217202186584
-0.5165643095970154,0.3907473087310791,0.4799019992351532
-0.5216200351715088,0.385941743850708,0.4804544150829315
-0.5281549096107483,0.37942183017730713,0.4815710186958313
-0.5346600413322449,0.37289363145828247,0.48280948400497437
-0.5395330190658569,0.3680726885795593,0.48361462354660034
-0.5459707975387573,0.36172184348106384,0.48436611890792847
-0.5522359609603882,0.35531187057495117,0.48485875129699707
-0.5583906173706055,0.3489142060279846,0.48536062240600586
-0.562791645526886,0.3444526791572571,0.4857507348060608
-0.5685102343559265,0.33896514773368835,0.486124724149704
-0.5742849111557007,0.33353060483932495,0.4863443672657013
-0.5785866379737854,0.32938438653945923,0.4865066409111023
-0.5840401649475098,0.3240041136741638,0.48684170842170715
-0.5892766714096069,0.3189149796962738,0.48728546500205994
-0.5931829214096069,0.3152787387371063,0.48752427101135254
-0.5981355309486389,0.3102423846721649,0.48758840560913086
-0.6026967167854309,0.3049488961696625,0.487697571516037
-0.6072388291358948,0.2996329665184021,0.48807382583618164
-0.6106800436973572,0.29563844203948975,0.4884193539619446
-0.6151540279388428,0.2900848984718323,0.488920658826828
-0.6191515326499939,0.28429073095321655,0.4896358549594879
-0.6227352023124695,0.278541624546051,0.4906531870365143
-0.6253359317779541,0.2741478383541107,0.49160560965538025
-0.6288184523582458,0.26788830757141113,0.49280139803886414
-0.6318680644035339,0.26143452525138855,0.4938075542449951
-0.6338815093040466,0.25637227296829224,0.4945325553417206
-0.6363368034362793,0.24949991703033447,0.49576273560523987
-0.638325035572052,0.2424740046262741,0.4971906244754791
-0.6400056481361389,0.2352818250656128,0.4984368085861206
-0.6411070823669434,0.22975113987922668,0.4991714060306549
-0.6422621607780457,0.22194623947143555,0.5000239014625549
-0.6433128714561462,0.21399886906147003,0.5007128119468689
-0.6440808773040771,0.20807725191116333,0.5008285045623779
-0.644939124584198,0.20000219345092773,0.5004390478134155
-0.6455497741699219,0.19154389202594757,0.4994831085205078
-0.6458008885383606,0.18512167036533356,0.49853813648223877
-0.6462194323539734,0.17658661305904388,0.4970720708370209
-0.6464316844940186,0.16811715066432953,0.4955517053604126
-0.646293580532074,0.1617470234632492,0.4945043921470642
-0.6458470821380615,0.15342821180820465,0.4934006631374359
-0.6453614830970764,0.14509332180023193,0.4925768971443176
-0.6446784734725952,0.13690291345119476,0.49200698733329773
-0.6440179347991943,0.13085462152957916,0.49184367060661316
-0.6428205966949463,0.12285047024488449,0.49204757809638977
-0.6411052346229553,0.11509313434362411,0.49294745922088623
-0.6398289203643799,0.10942405462265015,0.4940789043903351
-0.6381610035896301,0.10179198533296585,0.4956727623939514
-0.6361972093582153,0.09409813582897186,0.4972362816333771
-0.6340903639793396,0.08672448992729187,0.4987039566040039
-0.6326431632041931,0.08149404078722,0.4997974634170532
-0.6308094263076782,0.07459097355604172,0.5011996626853943
-0.6290905475616455,0.06772446632385254,0.5027474761009216
-0.6278323531150818,0.0626271665096283,0.5039008855819702
-0.6262168884277344,0.056125491857528687,0.505233883857727
-0.6247930526733398,0.04974793270230293,0.506378173828125
-0.6237671971321106,0.043219100683927536,0.5073969960212708
-0.6233723163604736,0.03842654824256897,0.5080631971359253
-0.6230660676956177,0.032122399657964706,0.5086879730224609
-0.6229506731033325,0.027424966916441917,0.5089715719223022
-0.6229063272476196,0.02103237621486187,0.5092639923095703
-0.6232028007507324,0.014593183994293213,0.5093767642974854
-0.6237913370132446,0.008204995654523373,0.5091368556022644
-0.6243441104888916,0.0032324851490557194,0.5085710883140564
-0.6251813769340515,-0.0034907637163996696,0.5075174570083618
-0.6263748407363892,-0.01021633855998516,0.5060468912124634
-0.6274442672729492,-0.015340777114033699,0.5048502087593079
-0.6289486885070801,-0.02228577435016632,0.5032802820205688
-0.6302691698074341,-0.029198123142123222,0.501446008682251
-0.6315233707427979,-0.036145493388175964,0.4993714392185211
-0.6324442028999329,-0.04146666079759598,0.49779775738716125
-0.633637547492981,-0.048549920320510864,0.4958532750606537
-0.6347366571426392,-0.05561547353863716,0.4942678213119507
-0.635392427444458,-0.06093110516667366,0.4931822717189789
-0.6359107494354248,-0.06816305220127106,0.4917605519294739
-0.6360910534858704,-0.07536977529525757,0.4902702867984772
-0.6360219120979309,-0.08256025612354279,0.4889349937438965
-0.6356839537620544,-0.08819218724966049,0.48832961916923523
-0.6349524259567261,-0.09583617746829987,0.48808810114860535
-0.6336753368377686,-0.10362266004085541,0.4886494576931
-0.6325308084487915,-0.10947281122207642,0.489487886428833
-0.6307632327079773,-0.11729366332292557,0.4907133877277374
-0.6288425326347351,-0.12523218989372253,0.4918556213378906
-0.6273678541183472,-0.1311471313238144,0.4924386739730835
-0.6254254579544067,-0.1390688419342041,0.4926478862762451
-0.6234836578369141,-0.1471012681722641,0.49225008487701416
-0.6212615966796875,-0.1551915556192398,0.49169084429740906
-0.6195681095123291,-0.16117578744888306,0.49140235781669617
-0.6173844337463379,-0.1689130812883377,0.4911368787288666
-0.6153724193572998,-0.17662233114242554,0.49086058139801025
-0.6111106276512146,-0.1896977424621582,0.48962730169296265
-0.6084582805633545,-0.19686660170555115,0.48885393142700195
-0.6063727736473083,-0.2020249366760254,0.4883202016353607
-0.6033273339271545,-0.2086215317249298,0.4874696135520935
-0.6002192497253418,-0.21507413685321808,0.486594557762146
-0.596941351890564,-0.22154809534549713,0.4858250617980957
-0.5942720770835876,-0.22631028294563293,0.4853462874889374
-0.5906401872634888,-0.2323053926229477,0.48489996790885925
-0.5867686867713928,-0.2382068634033203,0.4845835566520691
-0.582687497138977,-0.24402748048305511,0.48438289761543274
-0.579519510269165,-0.24840517342090607,0.4844167232513428
-0.5751950144767761,-0.2542683482170105,0.48466917872428894
-0.5708895921707153,-0.2600771188735962,0.4853380024433136
-0.5677692294120789,-0.2643668055534363,0.4858369529247284
-0.5635696649551392,-0.2699999511241913,0.48592138290405273
-0.559228777885437,-0.2758488059043884,0.48509854078292847
-0.5548846125602722,-0.2817710340023041,0.4836879074573517
-0.5517088770866394,-0.28626683354377747,0.4826137125492096
-0.5478034615516663,-0.2926516532897949,0.48197925090789795
-0.5450442433357239,-0.2976565361022949,0.4822038412094116
-0.5412771701812744,-0.30472785234451294,0.4832526445388794
-0.5376434922218323,-0.3119856119155884,0.4845002293586731
-0.5343169569969177,-0.31961479783058167,0.4863154888153076
-0.5320655107498169,-0.32585957646369934,0.48800426721572876
-0.5294201374053955,-0.33454644680023193,0.4907004237174988
-0.5270525217056274,-0.34350696206092834,0.4940071403980255
-0.5246624946594238,-0.35249191522598267,0.49724194407463074
-0.5229174494743347,-0.3593634068965912,0.4993550777435303
-0.5208577513694763,-0.368722528219223,0.5018666386604309
-0.519432008266449,-0.37555602192878723,0.5036876797676086
-0.5173587799072266,-0.3843933939933777,0.5063155293464661
-0.5151434540748596,-0.39307117462158203,0.5088711977005005
-0.5127509236335754,-0.4012855589389801,0.5111154317855835
-0.5109781622886658,-0.40729182958602905,0.5125199556350708
-0.508598804473877,-0.4149564504623413,0.5140957236289978
-0.5060279965400696,-0.4219742715358734,0.5154135227203369
-0.5040348172187805,-0.4268820881843567,0.5161404013633728
-0.5010945796966553,-0.4331216812133789,0.5168893933296204
-0.49795326590538025,-0.43892791867256165,0.5174463391304016
-0.4946630299091339,-0.4444594085216522,0.5182839035987854
-0.4919801652431488,-0.44842299818992615,0.5192012786865234
-0.4878760278224945,-0.4534253776073456,0.5205521583557129
-0.4834640324115753,-0.4584357440471649,0.5220105648040771
-0.4800376296043396,-0.46222198009490967,0.5230355858802795
-0.47522443532943726,-0.4671768248081207,0.5242465138435364
-0.4701331555843353,-0.47210749983787537,0.5251508951187134
-0.46480438113212585,-0.47720158100128174,0.5255926251411438
-0.4607059359550476,-0.48106998205184937,0.5254039764404297
-0.4550350308418274,-0.486101359128952,0.5245365500450134
-0.44933655858039856,-0.49134212732315063,0.522987961769104
-0.4452138841152191,-0.49524590373039246,0.5215563774108887
-0.44026440382003784,-0.5005198121070862,0.5197966694831848
-0.43549981713294983,-0.505746066570282,0.5181357264518738
-0.43082621693611145,-0.5110472440719604,0.5166897177696228
-0.42746150493621826,-0.5150983333587646,0.5157766342163086
-0.42304152250289917,-0.520251452922821,0.5146661996841431
-0.4196993112564087,-0.5239856839179993,0.5136491060256958
-0.41549479961395264,-0.5288934111595154,0.511864185333252
-0.4117315709590912,-0.5337269306182861,0.5097597241401672
-0.40817180275917053,-0.5384086966514587,0.5073505640029907
-0.40565937757492065,-0.5417781472206116,0.5054821968078613
-0.4020903706550598,-0.5458745360374451,0.502341091632843
-0.39817729592323303,-0.5498347282409668,0.4986545443534851
-0.3954508900642395,-0.5530154705047607,0.4960779845714569
-0.3918812572956085,-0.5569356679916382,0.4929834306240082
-0.3879666328430176,-0.5602574348449707,0.4902225136756897
-0.3834563195705414,-0.5634915232658386,0.4874284267425537
-0.38006725907325745,-0.5662083029747009,0.4857502579689026
-0.37561917304992676,-0.5699208378791809,0.48421287536621094
-0.3706855773925781,-0.5729642510414124,0.48259779810905457
-0.36535483598709106,-0.5757582783699036,0.4812842309474945
-0.3611668050289154,-0.5780686736106873,0.4807637929916382
-0.3553169071674347,-0.5809164047241211,0.4805866777896881
-0.3507995009422302,-0.582878589630127,0.480564683675766
-0.3428584039211273,-0.5858147740364075,0.4805644452571869
-0.3379860818386078,-0.5873337984085083,0.4805834889411926
-0.33137643337249756,-0.5888907313346863,0.4807770550251007
-0.326347291469574,-0.5897572040557861,0.4810192883014679
-0.3197473883628845,-0.5906951427459717,0.48156365752220154
-0.3132328987121582,-0.5916075110435486,0.4824737012386322
-0.30835390090942383,-0.5922635197639465,0.4833897650241852
-0.3015194833278656,-0.5925493836402893,0.4844120144844055
-0.2946048676967621,-0.5926836133003235,0.484902024269104
-0.28814998269081116,-0.5928332805633545,0.48506850004196167
-0.28356876969337463,-0.5930382609367371,0.4852086305618286
-0.2776139974594116,-0.5936709046363831,0.4855453670024872
-0.2718023657798767,-0.5945387482643127,0.4861339032649994
-0.26615381240844727,-0.595548152923584,0.48725926876068115
-0.2620992064476013,-0.5963165760040283,0.4883928596973419
-0.2569904327392578,-0.5974099040031433,0.4904850125312805
-0.2532441020011902,-0.5985419750213623,0.49234360456466675
-0.24829331040382385,-0.6004377007484436,0.49526795744895935
-0.24333910644054413,-0.6026696562767029,0.4986121356487274
-0.23859433829784393,-0.6050968766212463,0.5020956993103027
-0.23509453237056732,-0.6069626212120056,0.5044587850570679
-0.2303706407546997,-0.6095442175865173,0.5071427822113037
-0.2254473865032196,-0.6122156381607056,0.5093099474906921
-0.2216014564037323,-0.6142734289169312,0.5105992555618286
-0.21612663567066193,-0.6172377467155457,0.512010395526886
-0.21043378114700317,-0.6204245686531067,0.5132872462272644
-0.2045564353466034,-0.6234262585639954,0.5141782164573669
-0.19986699521541595,-0.6254286766052246,0.5144667029380798
-0.19339756667613983,-0.6283339262008667,0.5143172740936279
-0.18673723936080933,-0.6314016580581665,0.5135480761528015
-0.17997458577156067,-0.6344221234321594,0.5123274922370911
-0.17505072057247162,-0.6365513801574707,0.5117039084434509
-0.16868476569652557,-0.6392002701759338,0.5116591453552246
-0.1639135479927063,-0.6411020159721375,0.5117295384407043
-0.15747688710689545,-0.64360111951828,0.5115696787834167
-0.15124167501926422,-0.6459847688674927,0.5110072493553162
-0.1453768014907837,-0.648004949092865,0.5099098682403564
-0.13952423632144928,-0.6497734189033508,0.5081355571746826
-0.13517865538597107,-0.6509531140327454,0.5064234137535095
-0.1295716017484665,-0.6522549986839294,0.503852367401123
-0.12548257410526276,-0.6529783010482788,0.5019094347953796
-0.12007304280996323,-0.6534698009490967,0.49945902824401855
-0.11457276344299316,-0.6534222364425659,0.49710553884506226
-0.11013946682214737,-0.6531841158866882,0.49544763565063477
-0.10408878326416016,-0.6526048183441162,0.4935441017150879
-0.09817193448543549,-0.6514173150062561,0.4922099709510803
-0.09229770302772522,-0.6498240828514099,0.4912945330142975
-0.08613657206296921,-0.6479671597480774,0.4907875657081604
-0.08139234036207199,-0.6463390588760376,0.4906908869743347
-0.0750984326004982,-0.6439292430877686,0.49069076776504517
-0.06889767944812775,-0.6414365768432617,0.4909837245941162
-0.06421420723199844,-0.6395069360733032,0.49135997891426086
-0.05773686617612839,-0.6367814540863037,0.4918150305747986
-0.050911929458379745,-0.6335509419441223,0.4920384883880615
-0.04583971947431564,-0.6310900449752808,0.49235764145851135
-0.03918101266026497,-0.6278948187828064,0.49312707781791687
-0.032298892736434937,-0.624406635761261,0.49392518401145935
-0.02686131000518799,-0.6216296553611755,0.49441516399383545
-0.019461441785097122,-0.6178545951843262,0.49501916766166687
-0.012138767167925835,-0.6141078472137451,0.4953027069568634
-0.0049812523648142815,-0.6099127531051636,0.4952046573162079
0.0003110721299890429,-0.6068884134292603,0.49509990215301514
0.007496309466660023,-0.602735698223114,0.4946715235710144
0.015092569403350353,-0.5982418656349182,0.4931364953517914
0.020679371431469917,-0.5947624444961548,0.4917147755622864
0.028035728260874748,-0.5902745723724365,0.4898087680339813
0.0354275181889534,-0.5857890844345093,0.4878062903881073
0.04280175268650055,-0.580963671207428,0.485659122467041
0.04835455119609833,-0.5770537257194519,0.4839916229248047
0.05566592887043953,-0.5717482566833496,0.48195937275886536
0.06301518529653549,-0.5662645101547241,0.48004987835884094
0.06861717253923416,-0.5619693398475647,0.47853901982307434
0.07594801485538483,-0.5562866926193237,0.4767875373363495
0.08318661153316498,-0.5503846406936646,0.475128710269928
0.08856461197137833,-0.5457545518875122,0.4741310775279999
0.09562578052282333,-0.5396100282669067,0.47355806827545166
0.10244277119636536,-0.5336784720420837,0.47415217757225037
0.10734721273183823,-0.5293352007865906,0.475236177444458
0.11393298953771591,-0.5235536694526672,0.4770785868167877
0.12044963240623474,-0.5179795026779175,0.4792003929615021
0.1265546828508377,-0.5127612948417664,0.48139119148254395
0.13214817643165588,-0.5079776048660278,0.4836694598197937
0.13592562079429626,-0.5045937895774841,0.4855688214302063
0.14075998961925507,-0.5007074475288391,0.488081693649292
0.1443532556295395,-0.49805307388305664,0.4895628094673157
0.14877663552761078,-0.49488013982772827,0.4910939335823059
0.15262773633003235,-0.4923485219478607,0.4924587309360504
0.15542210638523102,-0.4907102584838867,0.4934502840042114
0.15923546254634857,-0.4887528717517853,0.49473583698272705
0.16302376985549927,-0.48715940117836,0.495652437210083
0.16689208149909973,-0.48588046431541443,0.49615705013275146
0.16990479826927185,-0.4852709472179413,0.49630850553512573
0.1740759313106537,-0.48466551303863525,0.49630168080329895
0.17858509719371796,-0.48400941491127014,0.49630117416381836
0.1822245568037033,-0.4836167097091675,0.49619704484939575
0.1874769926071167,-0.4833517074584961,0.49568477272987366
0.1931399255990982,-0.48299500346183777,0.49495649337768555
0.19913603365421295,-0.48262256383895874,0.4942466616630554
0.20383967459201813,-0.48230481147766113,0.49378660321235657
0.2104966938495636,-0.4818691313266754,0.4933556318283081
0.21736110746860504,-0.4814753830432892,0.49341583251953125
0.22258901596069336,-0.4810413718223572,0.4940298795700073
0.2296607792377472,-0.4803820848464966,0.4957147538661957
0.23671704530715942,-0.47951197624206543,0.49834322929382324
0.24387860298156738,-0.4782832860946655,0.5014721155166626
0.2494272142648697,-0.4770810306072235,0.5038315653800964
0.25681576132774353,-0.47516801953315735,0.5069606900215149
0.2641700804233551,-0.4730581045150757,0.5097858905792236
0.26982438564300537,-0.47119826078414917,0.5116984844207764
0.27724313735961914,-0.46827617287635803,0.5142943263053894
0.28454455733299255,-0.46462541818618774,0.5168250203132629
0.2901005744934082,-0.46153101325035095,0.5185825824737549
0.2976418137550354,-0.4571279287338257,0.5203219056129456
0.30527758598327637,-0.4522882401943207,0.5216107368469238
0.3109112083911896,-0.44828566908836365,0.5225092768669128
0.3184400796890259,-0.44254812598228455,0.5237268805503845
0.3261864185333252,-0.43642616271972656,0.5247862339019775
0.334229052066803,-0.42989763617515564,0.5256242156028748
0.34029924869537354,-0.4247739315032959,0.5261786580085754
0.348495751619339,-0.4176262617111206,0.5267226696014404
0.35673201084136963,-0.4100755751132965,0.526917576789856
0.36290237307548523,-0.40430185198783875,0.5266504287719727
0.37127116322517395,-0.3964441418647766,0.5257911682128906
0.37964844703674316,-0.38844621181488037,0.524471640586853
0.38789257407188416,-0.38007065653800964,0.5224413275718689
0.3940170705318451,-0.373636931180954,0.5204584002494812
0.4020106792449951,-0.36498138308525085,0.5176058411598206
0.4098065495491028,-0.35607266426086426,0.5149370431900024
0.41753435134887695,-0.3470599353313446,0.5127450823783875
0.4232822358608246,-0.34027358889579773,0.511356770992279
0.43097230792045593,-0.3310156464576721,0.5097036361694336
0.4385128617286682,-0.32181674242019653,0.5084229707717896
0.44388487935066223,-0.3149019181728363,0.5077416896820068
0.45094621181488037,-0.30557864904403687,0.506995439529419
0.45801693201065063,-0.29615503549575806,0.5062748789787292
0.4632461667060852,-0.28914713859558105,0.5058913230895996
0.4698871672153473,-0.2799723148345947,0.5056479573249817
0.47616738080978394,-0.2708350718021393,0.505838930606842
0.48066896200180054,-0.26414164900779724,0.5062738060951233
0.48651447892189026,-0.2553989291191101,0.5072311758995056
0.4922136962413788,-0.24676507711410522,0.5084951519966125
0.49630770087242126,-0.24030029773712158,0.5094755291938782
0.5015286803245544,-0.2319278120994568,0.510681688785553
0.5062949061393738,-0.2238331139087677,0.511627197265625
0.5107251405715942,-0.21589544415473938,0.512429416179657
0.5139104723930359,-0.2099767029285431,0.5129708051681519
0.5177969932556152,-0.20222459733486176,0.5135608911514282
0.5213598012924194,-0.19454425573349,0.5137520432472229
0.5237734913825989,-0.1888883113861084,0.5136135220527649
0.5266375541687012,-0.18148967623710632,0.5130936503410339
0.5291800498962402,-0.1741556078195572,0.5124676823616028
0.5312420725822449,-0.16700570285320282,0.5118857622146606
0.5325503349304199,-0.16176876425743103,0.5114489793777466
0.534063458442688,-0.15495653450489044,0.5107821822166443
0.535179615020752,-0.1484936624765396,0.5101231336593628
0.5359852313995361,-0.14224056899547577,0.5096672177314758
0.5363625288009644,-0.1376875787973404,0.5094521641731262
0.5366332530975342,-0.1318487673997879,0.5089040994644165
0.5366187691688538,-0.12637576460838318,0.507876455783844
0.5365102291107178,-0.12260423600673676,0.5067671537399292
0.5361320376396179,-0.11801276355981827,0.5051456689834595
0.5355523228645325,-0.1136242151260376,0.5036587119102478
0.535124659538269,-0.11044082045555115,0.5024290084838867
0.5347928404808044,-0.10634784400463104,0.5002589225769043
0.5345019102096558,-0.1024879515171051,0.49758654832839966
0.5342842936515808,-0.09974642843008041,0.4953138530254364
0.5341049432754517,-0.09597235918045044,0.49236851930618286
0.534205973148346,-0.09217372536659241,0.4898989796638489
0.5346274971961975,-0.08846227824687958,0.4878818988800049
0.5353718400001526,-0.08559056371450424,0.4867217540740967
0.536614179611206,-0.08172695338726044,0.4856387972831726
0.5380800366401672,-0.07764080911874771,0.48528823256492615
0.5394806265830994,-0.07432746142148972,0.48557427525520325
0.5416386723518372,-0.06976138800382614,0.4865220785140991
0.5442399978637695,-0.06496279686689377,0.48797547817230225
0.5472727417945862,-0.059899572283029556,0.4898412227630615
0.5498287677764893,-0.05590901896357536,0.49129629135131836
0.5534487366676331,-0.05031324923038483,0.49331408739089966
0.5569477677345276,-0.044538795948028564,0.49535563588142395
0.5597822070121765,-0.03996577858924866,0.49684596061706543
0.563959538936615,-0.03368232399225235,0.49856963753700256
0.5683895349502563,-0.027023833245038986,0.5000306963920593
0.5728358626365662,-0.019964998587965965,0.5014594793319702
0.5761112570762634,-0.014552607201039791,0.5025989413261414
0.5801941752433777,-0.0071919383481144905,0.5041672587394714
0.5842143297195435,0.0003655931504908949,0.5057205557823181
0.587257444858551,0.00628672493621707,0.5068276524543762
0.5911274552345276,0.014467258006334305,0.5081910490989685
0.594700813293457,0.022702131420373917,0.5091870427131653
0.5971511602401733,0.02903381735086441,0.5098034143447876
0.6000030636787415,0.03773113712668419,0.5104482173919678
0.6021918058395386,0.04675261303782463,0.5113548040390015
0.6040375232696533,0.0557083822786808,0.5122950673103333
0.6053171753883362,0.06252162903547287,0.5127167105674744
0.6067186594009399,0.07178429514169693,0.5127056241035461
0.6076480746269226,0.08096878975629807,0.5121428966522217
0.6080064177513123,0.0878579169511795,0.5115855932235718
0.6080947518348694,0.09726531058549881,0.5107706785202026
0.6078323721885681,0.10672101378440857,0.5099568963050842
0.6074451208114624,0.1135801374912262,0.5093850493431091
0.6067156195640564,0.12265415489673615,0.5085596442222595
0.6056779623031616,0.13175314664840698,0.5077826976776123
0.6041825413703918,0.14073696732521057,0.5071691274642944
0.6028726696968079,0.14734958112239838,0.5066056251525879
0.6009306311607361,0.15593868494033813,0.5055868029594421
0.5988313555717468,0.16428054869174957,0.5041711330413818
0.597051203250885,0.17029151320457458,0.5028743147850037
0.5941742062568665,0.17803770303726196,0.5012432932853699
0.5908626914024353,0.18549993634223938,0.500200629234314
0.5881949067115784,0.19076785445213318,0.4998725950717926
0.5843252539634705,0.1974790096282959,0.5000640749931335
0.5802488923072815,0.20416316390037537,0.5009043216705322
0.5757096409797668,0.21052978932857513,0.5022168159484863
0.5720095634460449,0.21510635316371918,0.5031857490539551
0.5669289827346802,0.22102272510528564,0.5041976571083069
0.5619034767150879,0.22683590650558472,0.5049235224723816
0.558112621307373,0.23121464252471924,0.5053262114524841
0.5531405210494995,0.23700051009655,0.5055890679359436
0.54823237657547,0.24266450107097626,0.5052894949913025
0.5433536767959595,0.2480332851409912,0.5044107437133789
0.5396826863288879,0.25191622972488403,0.503296434879303
0.5346277952194214,0.2572621703147888,0.5014051795005798
0.5298022031784058,0.26263630390167236,0.4987996220588684
0.5265478491783142,0.2665528953075409,0.49646294116973877
0.5225227475166321,0.27192041277885437,0.4934845268726349
0.5185169577598572,0.2771911919116974,0.4910131096839905
0.5145172476768494,0.28224626183509827,0.4890756607055664
0.5115345120429993,0.2858889698982239,0.48784711956977844
0.5080078840255737,0.2908218502998352,0.4862986207008362
0.5048176050186157,0.29595139622688293,0.4846624732017517
0.5023073554039001,0.2996411621570587,0.4832039773464203
0.49884819984436035,0.30415549874305725,0.4810713231563568
0.4953182637691498,0.308546781539917,0.47892168164253235
0.4925592541694641,0.31199249625205994,0.47715267539024353
0.4889209568500519,0.31671279668807983,0.4749303162097931
0.48567381501197815,0.32118335366249084,0.47283053398132324
0.4824030101299286,0.32586607336997986,0.47093307971954346
0.47987812757492065,0.3295733630657196,0.4699905812740326
0.4767504930496216,0.3342708945274353,0.46954649686813354
0.4742739200592041,0.33881455659866333,0.47019609808921814
0.4723365902900696,0.3434990346431732,0.47169721126556396
0.471028596162796,0.3469237685203552,0.473298043012619
0.46971118450164795,0.3515963554382324,0.4761972725391388
0.46920278668403625,0.3551754355430603,0.4788338541984558
0.4689684808254242,0.35984745621681213,0.48273682594299316
0.4690268933773041,0.3644293546676636,0.4871821403503418
0.46944376826286316,0.36887127161026,0.4921233057975769
0.46983417868614197,0.3719715476036072,0.4959012269973755
0.47039029002189636,0.3761090636253357,0.5005061626434326
0.4715808629989624,0.3804267942905426,0.5048077702522278
0.4728221595287323,0.38359853625297546,0.5078445672988892
0.47468116879463196,0.3880459666252136,0.51194167137146
0.47641298174858093,0.39261049032211304,0.5163676738739014
0.4777616858482361,0.39581429958343506,0.5199446082115173
0.4796140789985657,0.4000488817691803,0.5247453451156616
0.48144403100013733,0.4044899344444275,0.5290763974189758
0.48336467146873474,0.4092406630516052,0.5328771471977234
0.4853821098804474,0.4138820469379425,0.5363098382949829
0.48680421710014343,0.4172755479812622,0.5387691855430603
0.4883922338485718,0.42203468084335327,0.5417267680168152
0.4897518455982208,0.42700618505477905,0.5439372658729553
0.4908227026462555,0.4307744801044464,0.5449843406677246
0.4923284649848938,0.4358294606208801,0.5455175042152405
0.49361884593963623,0.4409247040748596,0.5454510450363159
0.4942743182182312,0.44499796628952026,0.5450708270072937
0.49470075964927673,0.4506438374519348,0.5441011190414429
0.4949289858341217,0.4561232626438141,0.5425783395767212
0.4952400326728821,0.4603513777256012,0.5410486459732056
0.49555692076683044,0.46620842814445496,0.5387738347053528
0.4953625798225403,0.4718819558620453,0.5363487005233765
0.4950164258480072,0.47607192397117615,0.5345383286476135
0.49424245953559875,0.4817686080932617,0.5322775840759277
0.49304690957069397,0.487570196390152,0.5304883718490601
0.491362601518631,0.49315115809440613,0.5291886925697327
0.4897836148738861,0.49727529287338257,0.5283293128013611
0.4873688220977783,0.5026094913482666,0.5271007418632507
0.4843234717845917,0.5076708197593689,0.5256221890449524
0.48082348704338074,0.5125178098678589,0.5240926146507263
0.47784343361854553,0.5160143375396729,0.5231748223304749
0.4731631577014923,0.5203267335891724,0.5223713517189026
0.46776577830314636,0.5243381261825562,0.5218974947929382
0.4633367359638214,0.5270959734916687,0.5215798020362854
0.45679837465286255,0.5304027199745178,0.520913302898407
0.44959455728530884,0.5332557559013367,0.5200459957122803
0.44380247592926025,0.5353192090988159,0.5193255543708801
0.43549033999443054,0.5378656387329102,0.5183011293411255
0.4264017641544342,0.539677619934082,0.5173704028129578
0.41658124327659607,0.5409423112869263,0.516685426235199
0.40888896584510803,0.5418169498443604,0.5163640379905701
0.39841076731681824,0.5429586172103882,0.5157158970832825
0.3876757323741913,0.5437049269676208,0.514867901802063
0.3793182373046875,0.5439385771751404,0.5142010450363159
0.3682362735271454,0.5439605116844177,0.5134420990943909
0.3571726381778717,0.5440022349357605,0.5128739476203918
0.3487851321697235,0.544063925743103,0.5123143196105957
0.3377735912799835,0.5439631938934326,0.5111911296844482
0.3269538879394531,0.5433181524276733,0.5097441077232361
0.31896403431892395,0.5426573157310486,0.5084661245346069
0.30837777256965637,0.5417203903198242,0.5065180063247681
0.29796019196510315,0.5408768057823181,0.5037232637405396
0.28762754797935486,0.5400674939155579,0.5000943541526794
0.27739429473876953,0.5391485691070557,0.49591803550720215
0.2701040506362915,0.5385850071907043,0.49277228116989136
0.2608654499053955,0.5378237366676331,0.4891301095485687
0.25427958369255066,0.5373497009277344,0.48705363273620605
0.24622240662574768,0.5370935797691345,0.4852282702922821
0.23866857588291168,0.5372093915939331,0.4841996729373932
0.2333134263753891,0.5374111533164978,0.4837820827960968
0.22696328163146973,0.5378003120422363,0.48397111892700195
0.2210976481437683,0.5385619401931763,0.4847630262374878
0.2155008763074875,0.5395196080207825,0.4858058989048004
0.21185973286628723,0.5403518080711365,0.48674267530441284
0.20733782649040222,0.541709303855896,0.4879864454269409
0.20314151048660278,0.5430425405502319,0.488985151052475
0.2003362625837326,0.5441269278526306,0.4896632730960846
0.19677512347698212,0.5454328060150146,0.4904749393463135
0.1932501196861267,0.5466132760047913,0.49145033955574036
0.1899612694978714,0.5477567911148071,0.4927913248538971
0.18780376017093658,0.5485552549362183,0.4941689074039459
0.18498773872852325,0.5492889881134033,0.4964275360107422
0.18212945759296417,0.5499677658081055,0.49889540672302246
0.18002910912036896,0.5503926277160645,0.5007176399230957
0.1772112399339676,0.550794780254364,0.5030012130737305
0.1744876503944397,0.5513681769371033,0.5048730373382568
0.1724761724472046,0.5517839789390564,0.5060372948646545
0.16977998614311218,0.5524604916572571,0.5072183609008789
0.16703660786151886,0.5530178546905518,0.5079814195632935
0.16401976346969604,0.5533936619758606,0.5081697106361389
0.16172657907009125,0.5537967085838318,0.5078805088996887
0.15914566814899445,0.554607093334198,0.5073851943016052
0.15664337575435638,0.5555626749992371,0.5071004033088684
0.15456822514533997,0.5564551949501038,0.5068206787109375
0.1514250487089157,0.5577760934829712,0.5059962272644043
0.14827215671539307,0.5591039061546326,0.5048180222511292
0.14598168432712555,0.5600851774215698,0.5040581822395325
0.14258652925491333,0.5615823268890381,0.5029836297035217
0.13891249895095825,0.5632893443107605,0.5015116333961487
0.13507360219955444,0.565091609954834,0.49988648295402527
0.13187441229820251,0.5664747357368469,0.498563677072525
0.12735411524772644,0.5683494210243225,0.4967130720615387
0.12274209409952164,0.5703499913215637,0.4948858916759491
0.1191045343875885,0.5719595551490784,0.49364709854125977
0.11389974504709244,0.5740540623664856,0.4922935366630554
0.10843349248170853,0.5761479735374451,0.49152466654777527
0.1025414913892746,0.5783693790435791,0.4914686977863312
0.09792671352624893,0.5801108479499817,0.4916617274284363
0.0915846899151802,0.5824570059776306,0.491973876953125
0.08505544811487198,0.5846892595291138,0.4923851788043976
0.07997466623783112,0.5862810611724854,0.4927798807621002
0.07285846769809723,0.5883845686912537,0.49329569935798645
0.06558515876531601,0.5905895829200745,0.49401038885116577
0.06005727872252464,0.5921810865402222,0.49478599429130554
0.05233421176671982,0.5940245985984802,0.49615198373794556
0.0442371740937233,0.5956062078475952,0.4978043735027313
0.03582044690847397,0.5968989133834839,0.49953144788742065
0.029372092336416245,0.5977644920349121,0.5008178353309631
0.02055339515209198,0.5987332463264465,0.5023224949836731
0.011174868792295456,0.5992181301116943,0.5034416913986206
0.003735518781468272,0.5994928479194641,0.5038934946060181
-0.0065109687857329845,0.5996838808059692,0.5038326382637024
-0.016976049169898033,0.5995070338249207,0.5030859708786011
-0.027837449684739113,0.5988696217536926,0.5017380118370056
-0.0361224040389061,0.5981945395469666,0.5006830096244812
-0.04748740419745445,0.5971482992172241,0.49968796968460083
-0.05911349877715111,0.5958452224731445,0.4992932379245758
-0.06793586909770966,0.5948138236999512,0.4992466866970062
-0.07956636697053909,0.5934907793998718,0.4993615746498108
-0.09094056487083435,0.5923516154289246,0.4998416006565094
-0.09940474480390549,0.5914828777313232,0.5005524754524231
-0.11064460873603821,0.5901581645011902,0.501766562461853
-0.12185227870941162,0.5891976356506348,0.5030215382575989
-0.1327047497034073,0.5885390639305115,0.5039187073707581
-0.14049696922302246,0.5882339477539062,0.5045815706253052
-0.150564044713974,0.5879344940185547,0.505707323551178
-0.160310298204422,0.5877905488014221,0.5069242715835571
-0.1672714501619339,0.5877747535705566,0.5079861879348755
-0.1761336773633957,0.5878625512123108,0.5097123384475708
-0.18466593325138092,0.5880047678947449,0.5115795135498047
-0.19103789329528809,0.5881166458129883,0.512923538684845
-0.19928959012031555,0.5882527828216553,0.5144886374473572
-0.2072172611951828,0.5884425044059753,0.5156126618385315
-0.21493655443191528,0.5882949829101562,0.5165248513221741
-0.22048968076705933,0.588133692741394,0.5173113942146301
-0.22777308523654938,0.5880488753318787,0.5185559988021851
-0.23523877561092377,0.5877857804298401,0.5197047591209412
-0.24091504514217377,0.5875445604324341,0.520121157169342
-0.24827900528907776,0.5870677828788757,0.5198422074317932
-0.25544920563697815,0.5862036943435669,0.518659234046936
-0.26269686222076416,0.5852701663970947,0.5170660018920898
-0.2682674825191498,0.5846039652824402,0.5157768130302429
-0.2757551372051239,0.5835192799568176,0.5139080286026001
-0.28295353055000305,0.5822777152061462,0.5121999382972717
-0.28794094920158386,0.5811020135879517,0.5112199187278748
-0.29450440406799316,0.5795095562934875,0.5105308890342712
-0.30099329352378845,0.5779646635055542,0.5104859471321106
-0.30743148922920227,0.5762832164764404,0.5107632279396057
-0.31225839257240295,0.5748257040977478,0.5109667778015137
-0.3183809220790863,0.5728681683540344,0.5110135674476624
-0.3240737318992615,0.5709930658340454,0.5107683539390564
-0.32825684547424316,0.5693151950836182,0.5105943083763123
-0.3339489698410034,0.5667799115180969,0.5105166435241699
-0.3396492004394531,0.5641181468963623,0.5106076002120972
-0.3440803587436676,0.5622796416282654,0.5106772184371948
-0.35008811950683594,0.559762716293335,0.5105037093162537
-0.35619252920150757,0.5568159222602844,0.5097172856330872
-0.3624797463417053,0.5536327958106995,0.508245050907135
-0.36728349328041077,0.55131995677948,0.506941020488739
-0.3737526535987854,0.5479816794395447,0.505116879940033
-0.38040921092033386,0.544070839881897,0.5032156705856323
-0.38539212942123413,0.5408855080604553,0.5017684698104858
-0.39199310541152954,0.5367670655250549,0.5000092387199402
-0.3987155556678772,0.5325369834899902,0.498481810092926
-0.4054284393787384,0.5278173089027405,0.49713635444641113
-0.4105755686759949,0.5240369439125061,0.4960077106952667
-0.417612761259079,0.5187239050865173,0.49432724714279175
-0.4243607819080353,0.5132397413253784,0.4924972653388977
-0.42924749851226807,0.5089074373245239,0.4912036061286926
-0.435856431722641,0.5029023885726929,0.48992353677749634
-0.4424884021282196,0.49645480513572693,0.4891025722026825
-0.44888439774513245,0.4896964132785797,0.4888981580734253
-0.453627347946167,0.48452356457710266,0.4890580475330353
-0.45966506004333496,0.4773189425468445,0.4895252585411072
-0.4654184877872467,0.46972939372062683,0.49029383063316345
-0.4696991741657257,0.46394622325897217,0.49083662033081055
-0.4753516614437103,0.45605477690696716,0.4913612902164459
-0.4811122715473175,0.447846382856369,0.49137356877326965
-0.48656246066093445,0.43938642740249634,0.4908348619937897
-0.4902777373790741,0.4328818619251251,0.49018561840057373
-0.4952588677406311,0.42402684688568115,0.4893517792224884
-0.4989399313926697,0.41706982254981995,0.4889385402202606
-0.5038174390792847,0.40769800543785095,0.4889315664768219
-0.508529007434845,0.3984234631061554,0.48925602436065674
-0.5117431879043579,0.391455739736557,0.48943668603897095
-0.5155335664749146,0.3820297122001648,0.48987188935279846
-0.5191755890846252,0.37265923619270325,0.4907982647418976
-0.5227200388908386,0.36335891485214233,0.4921630322933197
-0.5250813961029053,0.356574147939682,0.4933678209781647
-0.5279381275177002,0.3477392792701721,0.4948880970478058
-0.5305985808372498,0.33891811966896057,0.4961240887641907
-0.5329517126083374,0.33021071553230286,0.49727731943130493
-0.5346068739891052,0.3238344192504883,0.49810999631881714
-0.5368337631225586,0.31561002135276794,0.4991116225719452
-0.5392698645591736,0.307729572057724,0.49947792291641235
-0.5415744781494141,0.2998436689376831,0.4991890490055084
-0.5431884527206421,0.29386016726493835,0.498589426279068
-0.5455406904220581,0.285919725894928,0.49766263365745544
-0.5479826927185059,0.2782358229160309,0.49672871828079224
-0.5498316884040833,0.27261975407600403,0.4959757328033447
-0.5525460839271545,0.265048623085022,0.49481630325317383
-0.5557206869125366,0.2576284408569336,0.4936245381832123
-0.5580926537513733,0.2519865036010742,0.4928781986236572
-0.5613383650779724,0.2446538805961609,0.4920297861099243
-0.5648270845413208,0.23769132792949677,0.491495817899704
-0.567671537399292,0.23239244520664215,0.4912472069263458
-0.5718209147453308,0.22528968751430511,0.4908069372177124
-0.5762316584587097,0.21827733516693115,0.49006327986717224
-0.5795632600784302,0.21316790580749512,0.489190936088562
-0.5840961933135986,0.20647649466991425,0.4877517819404602
-0.5887722373008728,0.19991691410541534,0.4861697554588318
-0.5934897661209106,0.1934322714805603,0.48499539494514465
-0.5970157384872437,0.18855443596839905,0.4845849573612213
-0.6015400886535645,0.1822120100259781,0.4846741259098053
-0.6058623790740967,0.1759057193994522,0.48516514897346497
-0.6102206707000732,0.16964466869831085,0.48581787943840027
-0.6134176254272461,0.1650654524564743,0.4862249791622162
-0.6176497340202332,0.15901312232017517,0.4865787625312805
-0.6219493746757507,0.15307700634002686,0.4867181181907654
-0.6251330375671387,0.14877048134803772,0.486602246761322
-0.6292867064476013,0.14299079775810242,0.4861251413822174
-0.6335289478302002,0.13712812960147858,0.4850548505783081
-0.6367105841636658,0.1328681856393814,0.48403894901275635
-0.6408458352088928,0.12751300632953644,0.4827571213245392
-0.6447940468788147,0.12237673252820969,0.48154428601264954
-0.6486574411392212,0.11721891164779663,0.48048311471939087
-0.6515794396400452,0.1134631484746933,0.47987300157546997
-0.6556884050369263,0.10870516300201416,0.47934040427207947
-0.6587900519371033,0.10518374294042587,0.4790661633014679
-0.6626156568527222,0.10054914653301239,0.4788692593574524
-0.6660366654396057,0.09590686857700348,0.4792214035987854
-0.669620156288147,0.09133844077587128,0.48014959692955017
-0.6723771095275879,0.08783745020627975,0.4810052812099457
-0.675704300403595,0.08284284174442291,0.48230820894241333
-0.6785093545913696,0.07780848443508148,0.4837261140346527
-0.6809921264648438,0.07279302179813385,0.48548030853271484
-0.6825847029685974,0.06883957237005234,0.48707640171051025
-0.6841685175895691,0.06320101767778397,0.48969268798828125
-0.6852372884750366,0.05743692070245743,0.4928816258907318
-0.6857509016990662,0.053065214306116104,0.4955053925514221
-0.686287522315979,0.04711733013391495,0.4988899827003479
-0.6865443587303162,0.04093337059020996,0.5021933913230896
-0.6865561008453369,0.03609176352620125,0.5045230388641357
-0.6865174770355225,0.02955472841858864,0.5071999430656433
-0.6863643527030945,0.023001503199338913,0.5094627141952515
-0.685929000377655,0.016236642375588417,0.511296272277832
-0.6855590343475342,0.01114682573825121,0.5126277804374695
-0.6853358149528503,0.004405946005135775,0.5144590735435486
-0.6852972507476807,-0.0025609792210161686,0.516295313835144
-0.685111939907074,-0.007767766248434782,0.5175936818122864
-0.684754490852356,-0.014364075846970081,0.5190725326538086
-0.6845077872276306,-0.02100292779505253,0.5199557542800903
-0.684253454208374,-0.028021952137351036,0.5201802253723145
-0.6838490962982178,-0.033390264958143234,0.5201005935668945
-0.6831812262535095,-0.04038289934396744,0.5198603272438049
-0.6824073791503906,-0.04713791608810425,0.5195286870002747
-0.681645393371582,-0.05221499875187874,0.5192475914955139
-0.6805163025856018,-0.05906739830970764,0.5187185406684875
-0.6794065237045288,-0.06578844040632248,0.5180403590202332
-0.6783980131149292,-0.07230749726295471,0.5170566439628601
-0.6775263547897339,-0.07709947973489761,0.5161478519439697
-0.6763281226158142,-0.08354286849498749,0.5148199796676636
-0.6754569411277771,-0.08825602382421494,0.5134974718093872
-0.6742560863494873,-0.09435669332742691,0.5113108158111572
-0.6730861663818359,-0.10034962743520737,0.5089156031608582
-0.6719930171966553,-0.10610867291688919,0.5064510703086853
-0.6711989641189575,-0.11047802865505219,0.5047459006309509
-0.6699722409248352,-0.11632539331912994,0.5025718212127686
-0.6687456965446472,-0.1220380961894989,0.5005878210067749
-0.6681599617004395,-0.12623143196105957,0.49916499853134155
-0.667528510093689,-0.13184139132499695,0.4974002540111542
-0.6667436957359314,-0.1376570612192154,0.49567145109176636
-0.6659559011459351,-0.14345119893550873,0.4940868020057678
-0.6653639078140259,-0.14775969088077545,0.49297720193862915
-0.6647336483001709,-0.1536252647638321,0.49174848198890686
-0.6642240881919861,-0.15966375172138214,0.4908864498138428
-0.6638950109481812,-0.164186492562294,0.4901942014694214
-0.6634796261787415,-0.17016901075839996,0.4889976382255554
-0.6629927754402161,-0.17635434865951538,0.48719507455825806
-0.6625295281410217,-0.1810804158449173,0.48557084798812866
-0.6617605686187744,-0.1874721348285675,0.48337045311927795
-0.6609836220741272,-0.1938444823026657,0.4813235402107239
-0.6601651906967163,-0.2003375142812729,0.4796364903450012
-0.6592807769775391,-0.20526966452598572,0.4786166548728943
-0.6577788591384888,-0.2120974361896515,0.4776895344257355
-0.6559790372848511,-0.2190457582473755,0.4771599769592285
-0.6543455123901367,-0.22427596151828766,0.47688326239585876
-0.6517689228057861,-0.23148790001869202,0.476483017206192
-0.6490647792816162,-0.23873355984687805,0.476093590259552
-0.6470261216163635,-0.24425198137760162,0.47582459449768066
-0.6441351771354675,-0.25179290771484375,0.4754784107208252
-0.6410106420516968,-0.25948113203048706,0.4754035472869873
-0.6376951932907104,-0.2671758234500885,0.4755594730377197
-0.6350238919258118,-0.2729910910129547,0.4758337736129761
-0.6313952207565308,-0.2809198200702667,0.4763878583908081
-0.6278419494628906,-0.2887263894081116,0.477413535118103
-0.6250688433647156,-0.2943943440914154,0.47824326157569885
-0.6211028099060059,-0.30174389481544495,0.47906944155693054
-0.6166728138923645,-0.3089873492717743,0.4795304834842682
-0.6122336983680725,-0.31616225838661194,0.47988006472587585
-0.6087504029273987,-0.32149022817611694,0.48022690415382385
-0.6035813093185425,-0.3283943235874176,0.48069435358047485
-0.5979814529418945,-0.3350367248058319,0.4813844561576843
-0.592062771320343,-0.34165477752685547,0.48252415657043457
-0.5873474478721619,-0.34662866592407227,0.48356229066848755
-0.5806207656860352,-0.35339173674583435,0.4848540723323822
-0.5735815763473511,-0.35987094044685364,0.4860001504421234
-0.5684196949005127,-0.36464449763298035,0.4871399402618408
-0.5614760518074036,-0.37124955654144287,0.48906761407852173
-0.5543501973152161,-0.37815728783607483,0.49086251854896545
-0.5491490364074707,-0.3832491636276245,0.4920503497123718
-0.542598307132721,-0.39010316133499146,0.49327030777931213
-0.536354124546051,-0.39729008078575134,0.49432840943336487
-0.5303633213043213,-0.40472903847694397,0.49480941891670227
-0.5261260867118835,-0.4103309214115143,0.4946093261241913
-0.5207237601280212,-0.4180806577205658,0.49397513270378113
-0.5156285762786865,-0.42587000131607056,0.49310943484306335
-0.5120551586151123,-0.4315514862537384,0.4923592805862427
-0.5072069764137268,-0.43919679522514343,0.4913390278816223
-0.5023090243339539,-0.4473557770252228,0.490043044090271
-0.49847662448883057,-0.4535447955131531,0.48872634768486023
-0.4930405616760254,-0.4617155194282532,0.48699310421943665
-0.4874354600906372,-0.4695741534233093,0.48575788736343384
-0.48326238989830017,-0.47549721598625183,0.4849992096424103
-0.47766587138175964,-0.48359546065330505,0.48397302627563477
-0.4720509350299835,-0.49164578318595886,0.48265379667282104
-0.46678590774536133,-0.499573290348053,0.48095810413360596
-0.46317335963249207,-0.5054835081100464,0.4794335663318634
-0.45853137969970703,-0.513167142868042,0.477152943611145
-0.4544197916984558,-0.5206478238105774,0.47498807311058044
-0.4517118036746979,-0.526467502117157,0.47349613904953003
-0.4481143057346344,-0.5341824293136597,0.47161611914634705
-0.4446002244949341,-0.5413352847099304,0.46975111961364746
-0.44149768352508545,-0.548227071762085,0.468179851770401
-0.4392227530479431,-0.5532588362693787,0.4673948287963867
-0.4361180067062378,-0.5594052672386169,0.4671283960342407
-0.43370503187179565,-0.5635519623756409,0.4677296280860901
-0.4301365911960602,-0.568637490272522,0.4693351984024048
-0.4262118339538574,-0.5733274817466736,0.47129184007644653
-0.4219968616962433,-0.5773771405220032,0.47325384616851807
-0.41873785853385925,-0.5802443623542786,0.4747566282749176
-0.4140978157520294,-0.5836992859840393,0.47665730118751526
-0.40879687666893005,-0.5865952968597412,0.4779629707336426
-0.4045446515083313,-0.5885441899299622,0.4784732460975647
-0.3986787796020508,-0.5909715890884399,0.4787898063659668
-0.3924521505832672,-0.593198835849762,0.4790075123310089
-0.38601890206336975,-0.5951109528541565,0.47939684987068176
-0.3793935179710388,-0.5967024564743042,0.48019087314605713
-0.3742743730545044,-0.5977061986923218,0.48087847232818604
-0.3671577572822571,-0.5990350246429443,0.48124930262565613
-0.3597102165222168,-0.600370466709137,0.4807986915111542
-0.35418474674224854,-0.6013978123664856,0.4799911081790924
-0.34701454639434814,-0.6026644110679626,0.47850754857063293
-0.3398306369781494,-0.6036668419837952,0.47665295004844666
-0.33431342244148254,-0.6042351126670837,0.47519031167030334
-0.3267723321914673,-0.6049186587333679,0.47332635521888733
-0.3194468319416046,-0.6058032512664795,0.47228777408599854
-0.31219032406806946,-0.6065011024475098,0.47175100445747375
-0.30691567063331604,-0.6069866418838501,0.4715944528579712
-0.3001357316970825,-0.6076282858848572,0.4716242253780365
-0.29516398906707764,-0.6080407500267029,0.4717066287994385
-0.2887343764305115,-0.6087126731872559,0.4716005325317383
-0.2826213240623474,-0.6096571087837219,0.4711865484714508
-0.2768112123012543,-0.610636830329895,0.47045472264289856
-0.2725869417190552,-0.6112042665481567,0.4698227345943451
-0.26712778210639954,-0.6119736433029175,0.4689566195011139
-0.26175111532211304,-0.6130144000053406,0.46816569566726685
-0.2577880620956421,-0.6139206290245056,0.4676467478275299
-0.2527514398097992,-0.6149855852127075,0.46721452474594116
-0.2482907623052597,-0.6155785322189331,0.467687726020813
-0.24430783092975616,-0.6161767840385437,0.4690459668636322
-0.24138571321964264,-0.6164680123329163,0.4703286290168762
-0.23751094937324524,-0.6165077686309814,0.4724463224411011
-0.2337595820426941,-0.6162093281745911,0.4750826060771942
-0.23022526502609253,-0.6154012084007263,0.4780375361442566
-0.22747215628623962,-0.614622950553894,0.4803754389286041
-0.22371609508991241,-0.6132953763008118,0.48358818888664246
-0.21993406116962433,-0.6115037798881531,0.4868412911891937
-0.21680404245853424,-0.6100026369094849,0.4890974462032318
-0.21207758784294128,-0.6079916954040527,0.4916047751903534
-0.20676958560943604,-0.6055960655212402,0.49376726150512695
-0.20090645551681519,-0.6027057766914368,0.49560844898223877
-0.19630023837089539,-0.6003583669662476,0.49666860699653625
-0.18971525132656097,-0.5971718430519104,0.49789145588874817
-0.18228113651275635,-0.5942551493644714,0.4992762804031372
-0.17629967629909515,-0.5920012593269348,0.5003258585929871
-0.16784116625785828,-0.5886576771736145,0.5013490319252014
-0.16115574538707733,-0.5862552523612976,0.5018163919448853
-0.1518671065568924,-0.5834433436393738,0.5023322701454163
-0.14197023212909698,-0.5806508660316467,0.5026680827140808
-0.1318030059337616,-0.5777369737625122,0.5026652216911316
-0.12132280319929123,-0.5749338865280151,0.5023072361946106
-0.11334729939699173,-0.5730974078178406,0.5020879507064819
-0.10254868865013123,-0.5708693861961365,0.5019928812980652
-0.09429743885993958,-0.5691196918487549,0.5020102262496948
-0.08302412927150726,-0.5668289661407471,0.5019086003303528
-0.07176819443702698,-0.5647173523902893,0.5017145276069641
-0.06342705339193344,-0.5632378458976746,0.5017200708389282
-0.05232679098844528,-0.5613669157028198,0.5017749667167664
-0.041157327592372894,-0.5595076680183411,0.5014817118644714
-0.030033793300390244,-0.5578403472900391,0.5008715987205505
-0.01928238570690155,-0.5562215447425842,0.5000838041305542
-0.011535345576703548,-0.5549206733703613,0.4994325041770935
-0.0014146888861432672,-0.5533714890480042,0.49857383966445923
0.008499414660036564,-0.5520000457763672,0.49767425656318665
0.015704039484262466,-0.5508632063865662,0.49691444635391235
0.025004126131534576,-0.5491766929626465,0.49567413330078125
0.03404026851058006,-0.5474561452865601,0.4942625164985657
0.042835693806409836,-0.5457838773727417,0.4927060008049011
0.04920452460646629,-0.5445753335952759,0.49170973896980286
0.05755873769521713,-0.5425640940666199,0.4904669523239136
0.0661354511976242,-0.5401854515075684,0.48887771368026733
0.07245635241270065,-0.5384856462478638,0.4875594675540924
0.08026913553476334,-0.5362685918807983,0.48620960116386414
0.08778271079063416,-0.5338155627250671,0.4849832355976105
0.0954696461558342,-0.5314810872077942,0.48391249775886536
0.1011853888630867,-0.529674768447876,0.48322275280952454
0.1087227389216423,-0.5269054174423218,0.4823521077632904
0.1143164187669754,-0.5246838331222534,0.4816097319126129
0.12166883796453476,-0.5217664837837219,0.48022931814193726
0.1286703646183014,-0.5188446044921875,0.4784828722476959
0.13375836610794067,-0.5166401863098145,0.47724729776382446
0.14060039818286896,-0.5136137008666992,0.4753878712654114
0.14737573266029358,-0.5102466344833374,0.47314453125
0.15405786037445068,-0.5066815614700317,0.4705852270126343
0.1589759886264801,-0.5040050745010376,0.4686276614665985
0.1651233285665512,-0.5006283521652222,0.46657708287239075
0.17065657675266266,-0.49715638160705566,0.4657215476036072
0.1759427785873413,-0.49342626333236694,0.4659939408302307
0.17983070015907288,-0.49059921503067017,0.46675869822502136
0.18467161059379578,-0.4867269992828369,0.4685690999031067
0.188079833984375,-0.48368513584136963,0.47048598527908325
0.19223302602767944,-0.4796564280986786,0.47348010540008545
0.19597673416137695,-0.4756786525249481,0.47661152482032776
0.19947126507759094,-0.4717048406600952,0.4795340597629547
0.2019902765750885,-0.4687579572200775,0.48152709007263184
0.20503486692905426,-0.4648935794830322,0.4839079976081848
0.2079114466905594,-0.4609062373638153,0.48596641421318054
0.20995669066905975,-0.45793694257736206,0.4873177409172058
0.21274645626544952,-0.45396095514297485,0.48893338441848755
0.21560275554656982,-0.44995763897895813,0.49073415994644165
0.21857088804244995,-0.44586795568466187,0.49249693751335144
0.22094784677028656,-0.44275254011154175,0.49376586079597473
0.22409960627555847,-0.4386295974254608,0.4954568147659302
0.22728435695171356,-0.4342992901802063,0.49693548679351807
0.22980114817619324,-0.43087899684906006,0.4977933466434479
0.2334289252758026,-0.4263552129268646,0.4985886812210083
0.23727189004421234,-0.42184630036354065,0.49916085600852966
0.24031482636928558,-0.4182867109775543,0.4996502101421356
0.24455073475837708,-0.41343897581100464,0.5005269050598145
0.24882860481739044,-0.40845251083374023,0.5015557408332825
0.2533491849899292,-0.4034348130226135,0.5026264190673828
0.2568541467189789,-0.3998364806175232,0.5034211874008179
0.26166313886642456,-0.3950558304786682,0.5044095516204834
0.26642465591430664,-0.3902735412120819,0.5055989027023315
0.26990652084350586,-0.38664349913597107,0.5067158937454224
0.27453917264938354,-0.3818154036998749,0.5083605647087097
0.2790989577770233,-0.3772730529308319,0.5100051760673523
0.28353798389434814,-0.3729669749736786,0.5113862156867981
0.2867805063724518,-0.3697969317436218,0.5123492479324341
0.29111534357070923,-0.3656198978424072,0.5133300423622131
0.29548388719558716,-0.3615787923336029,0.5140150785446167
0.2987167537212372,-0.3586603105068207,0.5143443942070007
0.30293798446655273,-0.3549470007419586,0.5143952369689941
0.30718907713890076,-0.35140031576156616,0.5139927268028259
0.3102908134460449,-0.3489318788051605,0.5135003924369812
0.3142631947994232,-0.34585240483283997,0.5128078460693359
0.3182123005390167,-0.3428995609283447,0.5120142698287964
0.32229021191596985,-0.33992403745651245,0.5109037756919861
0.32639822363853455,-0.33718714118003845,0.5095023512840271
0.32944023609161377,-0.33525288105010986,0.5083168148994446
0.3332478106021881,-0.3329648971557617,0.5066455006599426
0.33597150444984436,-0.3313303589820862,0.5054019689559937
0.3396203815937042,-0.32919418811798096,0.5037928223609924
0.34327927231788635,-0.32713446021080017,0.5022191405296326
0.3459092974662781,-0.32566335797309875,0.5013336539268494
0.3494007885456085,-0.3237105906009674,0.500541090965271
0.35304930806159973,-0.32164448499679565,0.5000075697898865
0.3569605052471161,-0.3195486068725586,0.49985796213150024
0.35987958312034607,-0.317946195602417,0.5001246929168701
0.3636341392993927,-0.31574881076812744,0.5009002089500427
0.3674754202365875,-0.3134312927722931,0.5019696354866028
0.3706255853176117,-0.3115873634815216,0.5029066205024719
0.3748859465122223,-0.3090779185295105,0.5044944286346436
0.37908801436424255,-0.3065098524093628,0.5062975287437439
0.38227349519729614,-0.304492712020874,0.5077587962150574
0.3865179121494293,-0.3015419840812683,0.5098299384117126
0.3906365633010864,-0.29856815934181213,0.5120559334754944
0.3948709964752197,-0.29568564891815186,0.5142880082130432
0.3990066945552826,-0.2927875816822052,0.5164754986763
0.4019683003425598,-0.29056286811828613,0.5180918574333191
0.4057312607765198,-0.2876218259334564,0.5202718377113342
0.4093342423439026,-0.28450822830200195,0.5222620964050293
0.41205093264579773,-0.2821548581123352,0.5235795974731445
0.41584208607673645,-0.2791679799556732,0.5248849987983704
0.4196612536907196,-0.276108056306839,0.5257420539855957
0.4235266447067261,-0.2729862332344055,0.5264298915863037
0.4264433681964874,-0.2706606686115265,0.5270482301712036
0.43048399686813354,-0.2675624489784241,0.5278225541114807
0.4347497522830963,-0.2644091248512268,0.5284178853034973
0.4381412863731384,-0.26198142766952515,0.528755784034729
0.442821741104126,-0.25869834423065186,0.5288140773773193
0.44639724493026733,-0.2562575936317444,0.5284711122512817
0.45134657621383667,-0.2528098523616791,0.5274591445922852
0.45645564794540405,-0.24918626248836517,0.5258307456970215
0.46131423115730286,-0.24557586014270782,0.5239967107772827
0.4648091197013855,-0.2429317831993103,0.5226176977157593
0.4696389138698578,-0.23938700556755066,0.5205855369567871
0.47451743483543396,-0.23566778004169464,0.5184600949287415
0.4793388843536377,-0.23196785151958466,0.5163440108299255
0.48269832134246826,-0.22921867668628693,0.5147730708122253
0.48707032203674316,-0.22550365328788757,0.5126644968986511
0.4914289712905884,-0.22190815210342407,0.5107928514480591
0.49451977014541626,-0.2192421406507492,0.5096983909606934
0.4986906051635742,-0.21560856699943542,0.5083845853805542
0.5028603672981262,-0.21182553470134735,0.5070687532424927
0.5058431029319763,-0.2088809311389923,0.5061684250831604
0.5097953677177429,-0.20484644174575806,0.5047689080238342
0.5134814381599426,-0.2007594108581543,0.5031663179397583
0.5169456005096436,-0.19644378125667572,0.5016221404075623
0.5195840001106262,-0.19303083419799805,0.5006293654441833
0.523236870765686,-0.1880601942539215,0.4992147982120514
0.5270871520042419,-0.1826787292957306,0.49735358357429504
0.5299015045166016,-0.17865514755249023,0.49569207429885864
0.5335656404495239,-0.17310889065265656,0.49315452575683594
0.5374193787574768,-0.16711226105690002,0.49044176936149597
0.5403169989585876,-0.16247327625751495,0.4885307550430298
0.5438772439956665,-0.15614968538284302,0.48600783944129944
0.5473430156707764,-0.14935991168022156,0.48384207487106323
0.5505462288856506,-0.142297625541687,0.4822852313518524
0.5525540113449097,-0.13683699071407318,0.4817318916320801
0.5550313591957092,-0.12953592836856842,0.48167678713798523
0.557330846786499,-0.12202469259500504,0.48196834325790405
0.5589132905006409,-0.11614026129245758,0.482311874628067
0.5604962110519409,-0.10799785703420639,0.4828031659126282
0.5616083741188049,-0.09979648888111115,0.4832148253917694
0.5622379183769226,-0.09369049966335297,0.48346006870269775
0.5627577900886536,-0.08536241203546524,0.483784943819046
0.5629857778549194,-0.07678709924221039,0.48412686586380005
0.563077986240387,-0.07048558443784714,0.4843800663948059
0.5632666349411011,-0.05990418419241905,0.4847884178161621
0.563376247882843,-0.05352029949426651,0.4853315055370331
0.5636639595031738,-0.04500250518321991,0.4863130748271942
0.563991129398346,-0.03860561177134514,0.4872421324253082
0.564628005027771,-0.030070146545767784,0.4884742200374603
0.565436601638794,-0.021624965593218803,0.4896182715892792
0.5662533044815063,-0.013366487808525562,0.49067917466163635
0.566637396812439,-0.007155031431466341,0.49163588881492615
0.5670766830444336,0.0009794064098969102,0.49286818504333496
0.5676868557929993,0.008974937722086906,0.49393656849861145
0.5681984424591064,0.014826354570686817,0.4946104884147644
0.5688937902450562,0.022473176941275597,0.49496743083000183
0.5693934559822083,0.029946139082312584,0.4950811564922333
0.569551944732666,0.03521404415369034,0.49526700377464294
0.569694995880127,0.04237879440188408,0.49534645676612854
0.5700413584709167,0.049468331038951874,0.49478209018707275
0.5703275799751282,0.056183408945798874,0.49353840947151184
0.5703290700912476,0.06101571395993233,0.4923277795314789
0.5701776742935181,0.06749056279659271,0.49028295278549194
0.5699490308761597,0.0739358589053154,0.4879521131515503
0.5697619318962097,0.08015058189630508,0.4855816662311554
0.569709062576294,0.08485955744981766,0.4839029312133789
0.5694871544837952,0.09116095304489136,0.481765478849411
0.5688013434410095,0.09747829288244247,0.4799477756023407
0.5681238174438477,0.10398206114768982,0.4782527983188629
0.5675129294395447,0.10883946716785431,0.4772011339664459
0.5669639110565186,0.11548056453466415,0.47587284445762634
0.566650390625,0.12072639167308807,0.4748658239841461
0.5662079453468323,0.12811577320098877,0.473609060049057
0.565981388092041,0.13594511151313782,0.4725271463394165
0.5660866498947144,0.14437659084796906,0.47211647033691406
0.5660626888275146,0.15091195702552795,0.47232261300086975
0.5662548542022705,0.16004888713359833,0.4731278419494629
0.5670274496078491,0.1695326715707779,0.47414910793304443
0.5677400231361389,0.17681173980236053,0.47499415278434753
0.5688620805740356,0.18676002323627472,0.47649043798446655
0.5701659917831421,0.19687923789024353,0.4783811569213867
0.5712167620658875,0.20445455610752106,0.479971319437027
0.5725886821746826,0.2145661562681198,0.48200324177742004
0.5741755366325378,0.22473609447479248,0.4840267598628998
0.5757049322128296,0.23481976985931396,0.4859629273414612
0.5767133235931396,0.2422250360250473,0.48728254437446594
0.5778648257255554,0.25206029415130615,0.4888375401496887
0.5788179636001587,0.2620595395565033,0.49027925729751587
0.5797351598739624,0.269714891910553,0.4911717474460602
0.5808117985725403,0.27965083718299866,0.49231231212615967
0.5812394022941589,0.2894386649131775,0.49341681599617004
0.58134526014328,0.2969263195991516,0.49416783452033997
0.5816853642463684,0.3068915605545044,0.4945966899394989
0.5822522044181824,0.31709808111190796,0.49453797936439514
0.5825654864311218,0.32481545209884644,0.49443623423576355
0.5826614499092102,0.33487018942832947,0.4945523738861084
0.5823929309844971,0.3448041081428528,0.49491000175476074
0.582158625125885,0.3549502193927765,0.49494773149490356
0.5819669961929321,0.36239197850227356,0.4945530593395233
0.581538200378418,0.3720135986804962,0.49368882179260254
0.5805926322937012,0.3815357983112335,0.49277591705322266
0.5794224739074707,0.3885398209095001,0.49216508865356445
0.5772719979286194,0.3973964750766754,0.4916200339794159
0.5747044682502747,0.4058397710323334,0.491313099861145
0.5715969204902649,0.4138548970222473,0.4909960627555847
0.5687978863716125,0.4197055399417877,0.4905274212360382
0.564556896686554,0.42720597982406616,0.48952844738960266
0.5597559213638306,0.4341784417629242,0.4883442223072052
0.5557802319526672,0.4391484558582306,0.4874877631664276
0.5500162839889526,0.445486456155777,0.4864177107810974
0.543811023235321,0.4515356421470642,0.48551568388938904
0.5374315977096558,0.45733147859573364,0.4848046898841858
0.5324450731277466,0.4613068997859955,0.4843292534351349
0.5256394147872925,0.46640437841415405,0.4836614727973938
0.5187183618545532,0.47141554951667786,0.48296597599983215
0.5134917497634888,0.47512057423591614,0.4824160635471344
0.5064058899879456,0.4796653985977173,0.48176002502441406
0.4993131458759308,0.4839400053024292,0.4815579056739807
0.494109570980072,0.4870978593826294,0.4817511737346649
0.487307608127594,0.4911668300628662,0.48252972960472107
0.480904757976532,0.49526476860046387,0.4839208126068115
0.47473636269569397,0.49947720766067505,0.4859309792518616
0.4701794683933258,0.502686619758606,0.4875366687774658
0.4642287492752075,0.5070623755455017,0.4894633889198303
0.458613783121109,0.5116220712661743,0.49137651920318604
0.45467379689216614,0.5151537656784058,0.49282535910606384
0.4498133063316345,0.5199981331825256,0.49455252289772034
0.4451119303703308,0.5251027941703796,0.49607667326927185
0.44168439507484436,0.5293538570404053,0.4971930682659149
0.43633466958999634,0.5368098020553589,0.49933499097824097
0.43324118852615356,0.5412904024124146,0.5006230473518372
0.4292295277118683,0.5475319623947144,0.5019781589508057
0.42623522877693176,0.5522282719612122,0.502646803855896
0.4218597114086151,0.5585078001022339,0.5030719041824341
0.4172096848487854,0.5649065971374512,0.5026168823242188
0.41383013129234314,0.5698299407958984,0.5017258524894714
0.40970173478126526,0.5765973925590515,0.5008031725883484
0.4054671823978424,0.5833646059036255,0.500586211681366
0.4021241366863251,0.5886099934577942,0.5005243420600891
0.3978811204433441,0.5959290266036987,0.5002550482749939
0.3940051794052124,0.6033955216407776,0.4997890293598175
0.39054086804389954,0.6107946634292603,0.4995783269405365
0.38784897327423096,0.6164193749427795,0.4996567964553833
0.38403260707855225,0.6239743232727051,0.499665230512619
0.38029253482818604,0.6312732696533203,0.49947628378868103
0.37650197744369507,0.6382110118865967,0.49859505891799927
0.37360891699790955,0.6434172987937927,0.4973175823688507
0.3696107864379883,0.6502272486686707,0.49497613310813904
0.36644068360328674,0.6549002528190613,0.4928959608078003
0.3611837327480316,0.6620507836341858,0.48891791701316833
0.3581177294254303,0.6662991642951965,0.4863906502723694
0.3540970981121063,0.6716659665107727,0.48307397961616516
0.3496304154396057,0.6762394309043884,0.4796520173549652
0.3460555374622345,0.6794688701629639,0.47709086537361145
0.3413560390472412,0.6836246252059937,0.47392499446868896
0.3368343710899353,0.6870685815811157,0.4711436629295349
0.3332591950893402,0.6893742680549622,0.4695393443107605
0.32814401388168335,0.6923127770423889,0.4678877294063568
0.32288163900375366,0.6946608424186707,0.46675848960876465
0.31889623403549194,0.6960773468017578,0.4663641154766083
0.31334710121154785,0.6977152824401855,0.4662044048309326
0.30751967430114746,0.6989287734031677,0.4660738706588745
0.3030712306499481,0.6993243098258972,0.4660883843898773
0.29676514863967896,0.6992406845092773,0.4666798412799835
0.29012149572372437,0.698889970779419,0.46798792481422424
0.2849704623222351,0.698508083820343,0.46944093704223633
0.27766087651252747,0.6974560618400574,0.47203174233436584
0.26996830105781555,0.6957616806030273,0.4751776158809662
0.2619291841983795,0.6937101483345032,0.47867801785469055
0.25571468472480774,0.6918888688087463,0.48158127069473267
0.24699288606643677,0.6891504526138306,0.48573923110961914
0.23788969218730927,0.6860840320587158,0.49005383253097534
0.22844620048999786,0.6825596690177917,0.4942808747291565
0.22106119990348816,0.6797103881835938,0.4973756670951843
0.21087200939655304,0.675666093826294,0.5015089511871338
0.20302319526672363,0.672460675239563,0.5045749545097351
0.19218230247497559,0.6679266691207886,0.5086747407913208
0.1809171885251999,0.6632207036018372,0.5127252340316772
0.1692662388086319,0.6584633588790894,0.5167607665061951
0.15727810561656952,0.6535099744796753,0.5207258462905884
0.14822569489479065,0.6497842669487,0.5234968066215515
0.13621112704277039,0.6450439691543579,0.5266635417938232
0.12711264193058014,0.6413915157318115,0.5286995768547058
0.114779531955719,0.6362972855567932,0.5312886834144592
0.10234953463077545,0.6313968896865845,0.5337244868278503
0.09008929133415222,0.6268414855003357,0.5359180569648743
0.07799592614173889,0.6224683523178101,0.5378497242927551
0.0690365582704544,0.6192893385887146,0.5390492081642151
0.057292550802230835,0.6152880787849426,0.5404430031776428
0.04870583489537239,0.6125560402870178,0.5413967370986938
0.03763054311275482,0.6092490553855896,0.5423133969306946
0.026959488168358803,0.6061528921127319,0.5428844690322876
0.01677604578435421,0.6032819151878357,0.5434306859970093
0.009364759549498558,0.6013924479484558,0.5439046621322632
-0.0001490283029852435,0.5991923809051514,0.5446297526359558
-0.009168929420411587,0.5973317623138428,0.5451526045799255
-0.015570196323096752,0.5962230563163757,0.5453669428825378
-0.023759176954627037,0.5950614809989929,0.5454542636871338
-0.031581811606884,0.5942066311836243,0.5453981757164001
-0.03900601714849472,0.5934672355651855,0.5449762344360352
-0.04430464655160904,0.5931671857833862,0.5444660782814026
-0.05108722299337387,0.5930836796760559,0.5437439680099487
-0.05590277165174484,0.5931968688964844,0.5431903004646301
-0.062021784484386444,0.5934695601463318,0.5424121022224426
-0.06796051561832428,0.5938094258308411,0.5415236353874207
-0.07361781597137451,0.5943306088447571,0.5406414270401001
-0.07901129126548767,0.5948834419250488,0.5398523807525635
-0.08294548839330673,0.5952649712562561,0.5393020510673523
-0.08806591480970383,0.5958877205848694,0.5386470556259155
-0.09306998550891876,0.5966102480888367,0.5380367636680603
-0.09673342853784561,0.5972074866294861,0.5376496315002441
-0.10142134130001068,0.5978881120681763,0.5373415946960449
-0.10581225156784058,0.5984052419662476,0.5373586416244507
-0.1090809777379036,0.5986644625663757,0.5377005934715271
-0.11334053426980972,0.5988876819610596,0.5386694073677063
-0.11744160950183868,0.5990546345710754,0.540015459060669
-0.121428944170475,0.5988341569900513,0.5412426590919495
-0.1243075281381607,0.5985025763511658,0.5416919589042664
-0.12790106236934662,0.5978572964668274,0.5414465665817261
-0.1314195990562439,0.5969029664993286,0.5403613448143005
-0.1339564174413681,0.5960307121276855,0.5392033457756042
-0.13692644238471985,0.5945091843605042,0.537257194519043
-0.1398300975561142,0.5926243662834167,0.5352600812911987
-0.14207005500793457,0.5910516977310181,0.5337899923324585
-0.14494642615318298,0.5887129306793213,0.5319830775260925
-0.14758071303367615,0.5860187411308289,0.5303777456283569
-0.14945217967033386,0.5839836597442627,0.5294824838638306
-0.15207555890083313,0.5810378789901733,0.5289233326911926
-0.15459705889225006,0.5778570771217346,0.5289161801338196
-0.1569860875606537,0.5744153261184692,0.529384195804596
-0.15951938927173615,0.5707338452339172,0.5300450325012207
-0.16153578460216522,0.5678174495697021,0.5305458903312683
-0.16424930095672607,0.5636630654335022,0.5312802791595459
-0.16721880435943604,0.5594522953033447,0.5319862961769104
-0.169638991355896,0.5561870336532593,0.5324180722236633
-0.17320437729358673,0.5514538884162903,0.5325108766555786
-0.17704857885837555,0.5467431545257568,0.5321730375289917
-0.1801626980304718,0.5431413054466248,0.5317050814628601
-0.18441100418567657,0.5382763743400574,0.5307719707489014
-0.18894365429878235,0.533406138420105,0.5296880602836609
-0.1926843822002411,0.5298587083816528,0.5289669036865234
-0.19798080623149872,0.5254634618759155,0.5280139446258545
-0.20354542136192322,0.5212344527244568,0.5270390510559082
-0.20791339874267578,0.5180876851081848,0.526438295841217
-0.21407945454120636,0.5140255689620972,0.5258456468582153
-0.22072288393974304,0.5102084875106812,0.5253438949584961
-0.22762729227542877,0.5067537426948547,0.5247408151626587
-0.23466354608535767,0.5036947131156921,0.5238261818885803
-0.24004535377025604,0.5017909407615662,0.5228428840637207
-0.24742071330547333,0.4991464614868164,0.521362841129303
-0.253126323223114,0.49701356887817383,0.5202586054801941
-0.2609387934207916,0.4945070743560791,0.518734872341156
-0.2689771354198456,0.4924347698688507,0.516650378704071
-0.2750179171562195,0.4909747540950775,0.5147421360015869
-0.28319501876831055,0.48885491490364075,0.5118796825408936
-0.2915697693824768,0.4868398606777191,0.5089362859725952
-0.2999483346939087,0.4852091372013092,0.5063550472259521
-0.3061469793319702,0.48410722613334656,0.5047520399093628
-0.3144267201423645,0.4827043116092682,0.5030956864356995
-0.32294028997421265,0.48105597496032715,0.5019108057022095
-0.3314584493637085,0.47961682081222534,0.500882089138031
-0.33775848150253296,0.4786497950553894,0.5002350211143494
-0.3461352288722992,0.47729942202568054,0.4995032846927643
-0.35473984479904175,0.4759707450866699,0.4989054203033447
-0.3612889349460602,0.4748583436012268,0.49841687083244324
-0.3698808252811432,0.4734102785587311,0.4978083372116089
-0.3781971335411072,0.4718835651874542,0.49758750200271606
-0.3864124119281769,0.47010087966918945,0.4979832172393799
-0.39265069365501404,0.46872174739837646,0.49845749139785767
-0.40097618103027344,0.4667696952819824,0.4991525709629059
-0.40709128975868225,0.46518635749816895,0.49955591559410095
-0.4151451289653778,0.4627893567085266,0.5000655651092529
-0.42314913868904114,0.4600748121738434,0.500516951084137
-0.43104246258735657,0.45711544156074524,0.5007358193397522
-0.4369836449623108,0.4547857642173767,0.5007948875427246
-0.4449675977230072,0.45153582096099854,0.5008037686347961
-0.4528043270111084,0.4480563700199127,0.5007832050323486
-0.458607941865921,0.4452984035015106,0.5006372332572937
-0.46623528003692627,0.4414074122905731,0.500108540058136
-0.47387540340423584,0.4373212158679962,0.4992942810058594
-0.47957903146743774,0.43406978249549866,0.4986959397792816
-0.488844096660614,0.42863476276397705,0.4975886642932892
-0.49427157640457153,0.4254131615161896,0.4967905580997467
-0.501471996307373,0.4210657775402069,0.4954824447631836
-0.5087331533432007,0.4165257513523102,0.49420037865638733
-0.5140609741210938,0.41298794746398926,0.4933148920536041
-0.5209900736808777,0.40808233618736267,0.49208715558052063
-0.5277349352836609,0.40317779779434204,0.4907349944114685
-0.5327036380767822,0.39945369958877563,0.48989301919937134
-0.5392441749572754,0.3944539725780487,0.4891416132450104
-0.5440378189086914,0.39065253734588623,0.4886980950832367
-0.5502991080284119,0.3854483366012573,0.4880973994731903
-0.5562811493873596,0.3798793852329254,0.4872742295265198
-0.561769425868988,0.37411928176879883,0.4865291118621826
-0.5655872225761414,0.36972421407699585,0.48635274171829224
-0.5706470012664795,0.363838255405426,0.4866948127746582
-0.5756749510765076,0.3578769862651825,0.4872951805591583
-0.5792081952095032,0.3531683683395386,0.487758606672287
-0.5837792158126831,0.34659963846206665,0.48826974630355835
-0.5882236957550049,0.3398169279098511,0.4885880947113037
-0.5924100875854492,0.33254238963127136,0.48871511220932007
-0.5954631567001343,0.3268318772315979,0.48847219347953796
-0.5993699431419373,0.3191218972206116,0.48775625228881836
-0.6031506657600403,0.3113076686859131,0.48686185479164124
-0.6056806445121765,0.30530059337615967,0.48616868257522583
-0.6087470650672913,0.2971206307411194,0.48527470231056213
-0.6116954684257507,0.28868353366851807,0.4843493402004242
-0.6146063208580017,0.28018027544021606,0.48328036069869995
-0.6166651248931885,0.27373507618904114,0.4824818968772888
-0.6192412972450256,0.2649773955345154,0.4813334345817566
-0.6216654181480408,0.2560476064682007,0.48022744059562683
-0.623789370059967,0.2469761073589325,0.4792919456958771
-0.6254003643989563,0.2401246875524521,0.4787504971027374
-0.6276183128356934,0.2311018854379654,0.47815951704978943
-0.629546046257019,0.22221173346042633,0.4775979816913605
-0.6307480931282043,0.2153460532426834,0.47725218534469604
-0.6324103474617004,0.20616227388381958,0.47684428095817566
-0.6341693997383118,0.19707627594470978,0.47637853026390076
-0.6354541182518005,0.19030335545539856,0.47608011960983276
-0.6371713280677795,0.18128980696201324,0.4757302403450012
-0.6387885808944702,0.17231804132461548,0.47512829303741455
-0.6398303508758545,0.16562677919864655,0.47464433312416077
-0.6410955786705017,0.156734436750412,0.4741884469985962
-0.6425120234489441,0.14813955128192902,0.47393330931663513
-0.6436634659767151,0.14184105396270752,0.4735931158065796
-0.6449950933456421,0.13315005600452423,0.47300198674201965
-0.646138608455658,0.12462951242923737,0.47223198413848877
-0.647478461265564,0.11644022911787033,0.4715196192264557
-0.6486210227012634,0.11037313938140869,0.4712306261062622
-0.6501936316490173,0.10210911929607391,0.4714360535144806
-0.6520876884460449,0.0939122810959816,0.4720854163169861
-0.6537216901779175,0.08789712935686111,0.47274860739707947
-0.6560797691345215,0.07991401106119156,0.47393086552619934
-0.6586828827857971,0.07186926156282425,0.4752731919288635
-0.6605703234672546,0.06601022928953171,0.47625356912612915
-0.6630852222442627,0.0582694411277771,0.47747838497161865
-0.665723979473114,0.05026134476065636,0.4789474904537201
-0.6685211658477783,0.04245171695947647,0.4805682599544525
-0.6710179448127747,0.03508402779698372,0.48203152418136597
-0.6728606224060059,0.029802311211824417,0.48279237747192383
-0.6751219034194946,0.0229481253772974,0.4834955036640167
-0.6769479513168335,0.016201689839363098,0.48428812623023987
-0.6781752109527588,0.011300276964902878,0.4850713014602661
-0.6795681715011597,0.00513312965631485,0.4862929582595825
-0.6806325912475586,-0.0007801583269611001,0.48773840069770813
-0.6811975240707397,-0.005002444609999657,0.48901107907295227
-0.6816123723983765,-0.01036290917545557,0.4912075102329254
-0.6815301775932312,-0.015439542941749096,0.4937966465950012
-0.6811048984527588,-0.020398307591676712,0.49666234850883484
-0.6807096600532532,-0.02406148612499237,0.49888572096824646
-0.6799469590187073,-0.028787704184651375,0.5019034743309021
-0.6789164543151855,-0.03312845155596733,0.5049439668655396
-0.6779603958129883,-0.03616589680314064,0.5070163011550903
-0.6766558289527893,-0.04027681425213814,0.5092933773994446
-0.6752424240112305,-0.044200826436281204,0.5112151503562927
-0.6739771366119385,-0.046959225088357925,0.5124984979629517
-0.6722474098205566,-0.05042339861392975,0.5137704014778137
-0.6705862879753113,-0.05359579995274544,0.5144559741020203
-0.6688966751098633,-0.05660014599561691,0.5147339105606079
-0.66754150390625,-0.05897899717092514,0.5147584080696106
-0.665658712387085,-0.062192097306251526,0.5147631764411926
-0.6634643077850342,-0.06512092053890228,0.5148080587387085
-0.6616260409355164,-0.06721990555524826,0.514918863773346
-0.6592808961868286,-0.0701906755566597,0.5150036811828613
-0.6568824052810669,-0.07322540134191513,0.5150381922721863
-0.654176652431488,-0.0762491375207901,0.5148990154266357
-0.6519820690155029,-0.07867974787950516,0.5147070288658142
-0.6490589380264282,-0.08217210322618484,0.5143879652023315
-0.6463413834571838,-0.08575854450464249,0.5138454437255859
-0.6443992257118225,-0.08851771801710129,0.5132749080657959
-0.6418030858039856,-0.09259753674268723,0.5121749639511108
-0.6392014622688293,-0.09671245515346527,0.5107836127281189
-0.6373805403709412,-0.09976240992546082,0.5095950365066528
-0.6350282430648804,-0.103987917304039,0.5077002644538879
-0.6324460506439209,-0.1082756444811821,0.5051814913749695
-0.6305038928985596,-0.11153559386730194,0.5031987428665161
-0.628221869468689,-0.11600107699632645,0.5009428858757019
-0.62628573179245,-0.12069142609834671,0.4991488754749298
-0.6243011355400085,-0.1254286766052246,0.49755382537841797
-0.6228668093681335,-0.12900124490261078,0.49640148878097534
-0.6211894154548645,-0.13373903930187225,0.4948926568031311
-0.6197559237480164,-0.13855229318141937,0.4935603737831116
-0.6188741326332092,-0.14231424033641815,0.49264830350875854
-0.6178838610649109,-0.14734134078025818,0.49130043387413025
-0.6167565584182739,-0.15247803926467896,0.4898650348186493
-0.6158461570739746,-0.1564960926771164,0.4888678193092346
-0.6148064732551575,-0.1619137078523636,0.4877063035964966
-0.6137168407440186,-0.16761107742786407,0.48695677518844604
-0.6124124526977539,-0.1735275387763977,0.4867350459098816
-0.6113681197166443,-0.17773523926734924,0.48679959774017334
-0.6098929643630981,-0.1832451969385147,0.48713698983192444
-0.6083368062973022,-0.18884624540805817,0.4875694513320923
-0.6069115400314331,-0.19443057477474213,0.488014280796051
-0.6059852838516235,-0.19851769506931305,0.48821455240249634
-0.604744553565979,-0.2037760615348816,0.48811957240104675
-0.6036030650138855,-0.2089778035879135,0.48767226934432983
-0.6029780507087708,-0.21284332871437073,0.4871533513069153
-0.6020698547363281,-0.21803951263427734,0.48592010140419006
-0.6012463569641113,-0.22328805923461914,0.4839767515659332
-0.6007668972015381,-0.2273862212896347,0.4823245108127594
-0.6001821756362915,-0.23294946551322937,0.48023292422294617
-0.5994663238525391,-0.23830167949199677,0.4782368540763855
-0.5988520383834839,-0.2422412782907486,0.47695526480674744
-0.5981415510177612,-0.24794340133666992,0.4758506119251251
-0.5970873236656189,-0.2539801001548767,0.4750402271747589
-0.5956597328186035,-0.2603442370891571,0.4745636582374573
-0.5944706201553345,-0.26537105441093445,0.4746149182319641
-0.5924407839775085,-0.27209290862083435,0.4750266373157501
-0.5898521542549133,-0.27881667017936707,0.4753761291503906
-0.587653636932373,-0.28417012095451355,0.47541576623916626
-0.584176242351532,-0.2914855480194092,0.47507593035697937
-0.5799649357795715,-0.29876354336738586,0.47433868050575256
-0.5762749314308167,-0.3043690025806427,0.473716676235199
-0.5708612203598022,-0.3120121955871582,0.4729030728340149
-0.5648244619369507,-0.31961414217948914,0.47201454639434814
-0.5583311915397644,-0.3273138701915741,0.47122645378112793
-0.5518988966941833,-0.33521631360054016,0.47067469358444214
-0.5469910502433777,-0.3412431478500366,0.47050613164901733
-0.5401784777641296,-0.34926867485046387,0.4705306887626648
-0.5351091623306274,-0.35525205731391907,0.4708799719810486
-0.5283008813858032,-0.36329156160354614,0.4715975522994995
-0.5214865803718567,-0.37133562564849854,0.4726146459579468
-0.5164353251457214,-0.37725409865379333,0.47346776723861694
-0.5100727081298828,-0.38505634665489197,0.47491127252578735
-0.5041208267211914,-0.39276009798049927,0.4770178496837616
-0.4981726408004761,-0.40031805634498596,0.4792631268501282
-0.4923112988471985,-0.40757179260253906,0.48160165548324585
-0.4882142245769501,-0.41275840997695923,0.48363277316093445
-0.48304757475852966,-0.419763445854187,0.4865524172782898
-0.47920167446136475,-0.4252062439918518,0.48865100741386414
-0.47421762347221375,-0.4324474632740021,0.4913083016872406
-0.46932804584503174,-0.4393613338470459,0.4935665726661682
-0.46468228101730347,-0.4462486207485199,0.4955083131790161
-0.46012791991233826,-0.4531867504119873,0.4970126450061798
-0.45664599537849426,-0.45839107036590576,0.4979330599308014
-0.4519338607788086,-0.46532243490219116,0.49889713525772095
-0.4485034644603729,-0.4706631302833557,0.4993038773536682
-0.4439866840839386,-0.4777522385120392,0.4996044635772705
-0.43953830003738403,-0.4846191108226776,0.5000763535499573
-0.4363148510456085,-0.4896537959575653,0.5006416440010071
-0.43224775791168213,-0.4963873028755188,0.5018801689147949
-0.42831680178642273,-0.5029797554016113,0.5034747123718262
-0.4245191812515259,-0.5093939304351807,0.5052552819252014
-0.42188361287117004,-0.5139887928962708,0.5065202116966248
-0.4185296595096588,-0.5197243094444275,0.5081014037132263
-0.4152543246746063,-0.5251330137252808,0.5094730257987976
-0.41220858693122864,-0.530230700969696,0.5105075240135193
-0.4099554419517517,-0.5337319374084473,0.510994017124176
-0.4067361056804657,-0.5380619764328003,0.5113068222999573
-0.40303370356559753,-0.5419141054153442,0.5111522078514099
-0.3999112844467163,-0.5444344878196716,0.5108446478843689
-0.39568156003952026,-0.5475620031356812,0.5107350945472717
-0.39117950201034546,-0.550330638885498,0.5108444690704346
-0.3873225450515747,-0.5521574020385742,0.5110719799995422
-0.38162508606910706,-0.5543586611747742,0.5113741159439087
-0.3753806948661804,-0.556152880191803,0.5116392374038696
-0.3703446686267853,-0.5572333931922913,0.511834979057312
-0.3634672462940216,-0.5584544539451599,0.5120262503623962
-0.3563648462295532,-0.5595302581787109,0.5117087364196777
-0.34890589118003845,-0.5604719519615173,0.5108767747879028
-0.343163400888443,-0.5612436532974243,0.5101102590560913
-0.33567139506340027,-0.5624109506607056,0.509239673614502
-0.32830512523651123,-0.56354820728302,0.5087698698043823
-0.3208544850349426,-0.5648252367973328,0.508612334728241
-0.31528133153915405,-0.5658988952636719,0.5087366104125977
-0.30822208523750305,-0.5675772428512573,0.5092995166778564
-0.30138763785362244,-0.5695734620094299,0.5098782777786255
-0.296321839094162,-0.5713104009628296,0.510188102722168
-0.2896665334701538,-0.5737347602844238,0.5103943943977356
-0.28316330909729004,-0.5764926671981812,0.5101653337478638
-0.27839192748069763,-0.5788272619247437,0.5099573731422424
-0.272064745426178,-0.5821113586425781,0.5096235871315002
-0.2655704915523529,-0.5856117010116577,0.5088031888008118
-0.26049983501434326,-0.5882440805435181,0.5077776312828064
-0.2535828948020935,-0.5917251706123352,0.5061471462249756
-0.24675710499286652,-0.5951067805290222,0.5046870708465576
-0.24002167582511902,-0.5984912514686584,0.5035728216171265
-0.23497430980205536,-0.6009724736213684,0.5029293298721313
-0.2280932515859604,-0.6043033003807068,0.5020256638526917
-0.22127121686935425,-0.6076518297195435,0.50120609998703
-0.21472296118736267,-0.610808789730072,0.5006664991378784
-0.20984593033790588,-0.6132266521453857,0.5003183484077454
-0.2033679336309433,-0.6165431141853333,0.499854177236557
-0.19702637195587158,-0.6197904348373413,0.49947506189346313
-0.19235672056674957,-0.6220995187759399,0.4992063641548157
-0.18627198040485382,-0.6251401305198669,0.49885836243629456
-0.180123969912529,-0.6280791759490967,0.49833500385284424
-0.17546714842319489,-0.6300879716873169,0.4978724420070648
-0.16914869844913483,-0.6326110363006592,0.4971793293952942
-0.16272999346256256,-0.634983479976654,0.4965216815471649
-0.15786370635032654,-0.6365094184875488,0.4962477684020996
-0.15128083527088165,-0.6380884051322937,0.49643033742904663
-0.14460864663124084,-0.639568567276001,0.49721184372901917
-0.13783597946166992,-0.6405687928199768,0.4982207715511322
-0.13253282010555267,-0.6407122611999512,0.4986102283000946
-0.12520666420459747,-0.6403841972351074,0.4986203610897064
-0.11792658269405365,-0.6399623155593872,0.4981432557106018
-0.11076116561889648,-0.6390022039413452,0.49757495522499084
-0.1052761822938919,-0.6378714442253113,0.4972573220729828
-0.0977010503411293,-0.6361141204833984,0.49710023403167725
-0.09193392097949982,-0.6345421671867371,0.4971632659435272
-0.0843762457370758,-0.6321824193000793,0.49766799807548523
-0.07692307978868484,-0.629554033279419,0.49840661883354187
-0.06965243071317673,-0.6271131038665771,0.4993189573287964
-0.06248636171221733,-0.6244862079620361,0.5002452731132507
-0.05719379708170891,-0.6225047707557678,0.5007895231246948
-0.05019113048911095,-0.619968056678772,0.501008152961731
-0.045189712196588516,-0.6183375120162964,0.5009516477584839
-0.03900377079844475,-0.6162042617797852,0.5007768869400024
-0.03298281878232956,-0.6141179203987122,0.5003331899642944
-0.026804151013493538,-0.6121771931648254,0.49938759207725525
-0.022111257538199425,-0.6107016205787659,0.4985125660896301
-0.015869230031967163,-0.6088686585426331,0.4972575008869171
-0.009647013619542122,-0.6069151163101196,0.49595507979393005
-0.005022019613534212,-0.6054520606994629,0.4948710799217224
0.0012065203627571464,-0.603522539138794,0.4931493401527405
0.007557878736406565,-0.6016427874565125,0.49116867780685425
0.012452344410121441,-0.6001290678977966,0.48948317766189575
0.019099581986665726,-0.5980750918388367,0.486969918012619
0.025508103892207146,-0.595856249332428,0.4847728908061981
0.031784605234861374,-0.5938606858253479,0.4832268953323364
0.03668547049164772,-0.5924981236457825,0.482292503118515
0.04326936602592468,-0.5904269814491272,0.4810938239097595
0.049489427357912064,-0.5880470871925354,0.4798586964607239
0.055522285401821136,-0.5857241749763489,0.47877269983291626
0.05993730574846268,-0.5842229127883911,0.47805604338645935
0.06573418527841568,-0.5823490023612976,0.4770202040672302
0.07125353068113327,-0.5801985859870911,0.47624471783638
0.0752367451786995,-0.5783891081809998,0.4758929908275604
0.08035977929830551,-0.5763043761253357,0.4758577346801758
0.08543285727500916,-0.5743075013160706,0.47609150409698486
0.09052170813083649,-0.5720767378807068,0.4763299524784088
0.09445986896753311,-0.5703563690185547,0.4762912094593048
0.09973379969596863,-0.568154513835907,0.4760982096195221
0.1037047728896141,-0.5665444135665894,0.47615644335746765
0.10894336551427841,-0.5644218325614929,0.4766944348812103
0.11413499712944031,-0.5623939037322998,0.4776025414466858
0.11930935084819794,-0.5603650212287903,0.479047954082489
0.12467143684625626,-0.5581309199333191,0.4809945821762085
0.12882134318351746,-0.5563561320304871,0.48270729184150696
0.13447865843772888,-0.5539178848266602,0.48503702878952026
0.13876870274543762,-0.5521723628044128,0.48705509305000305
0.14447151124477386,-0.5496211647987366,0.4900440275669098
0.15049801766872406,-0.5465590953826904,0.49256443977355957
0.15672895312309265,-0.5433635115623474,0.49460238218307495
0.16128569841384888,-0.5408810377120972,0.49601393938064575
0.1674346774816513,-0.5373292565345764,0.49769777059555054
0.1737225204706192,-0.5337545871734619,0.49886879324913025
0.17849452793598175,-0.5308389663696289,0.4993372857570648
0.18483193218708038,-0.5266932249069214,0.49951523542404175
0.1912030428647995,-0.5221402049064636,0.499353289604187
0.1975896954536438,-0.5175973176956177,0.49924436211586
0.20247848331928253,-0.5141454935073853,0.4992864429950714
0.20910026133060455,-0.5093336701393127,0.4992130994796753
0.21586307883262634,-0.5041666626930237,0.49861636757850647
0.22092176973819733,-0.5002368688583374,0.4978824555873871
0.2275230884552002,-0.4948674440383911,0.49688538908958435
0.23418936133384705,-0.4893057346343994,0.49601709842681885
0.23931258916854858,-0.4852149188518524,0.49523210525512695
0.24622714519500732,-0.4797152280807495,0.4939543902873993
0.2530630826950073,-0.4741677939891815,0.4926663637161255
0.25791648030281067,-0.46988749504089355,0.4919235408306122
0.26434698700904846,-0.4639063775539398,0.49115943908691406
0.27128568291664124,-0.45812657475471497,0.4901562035083771
0.27839791774749756,-0.4524044692516327,0.48908284306526184
0.2837354242801666,-0.44811129570007324,0.488257497549057
0.29108887910842896,-0.4425036609172821,0.48689526319503784
0.2985893487930298,-0.43702542781829834,0.48561596870422363
0.30439817905426025,-0.4330005645751953,0.48460325598716736
0.3124240040779114,-0.42760559916496277,0.48282501101493835
0.3206900358200073,-0.422295480966568,0.48078256845474243
0.32905957102775574,-0.4169909358024597,0.478745698928833
0.33537423610687256,-0.41297292709350586,0.4771300256252289
0.3439505100250244,-0.40761464834213257,0.4747951328754425
0.35275766253471375,-0.40232351422309875,0.4723036289215088
0.3591957688331604,-0.3984507620334625,0.470352441072464
0.3677067160606384,-0.3933987021446228,0.4675554037094116
0.3762606382369995,-0.388246089220047,0.46443501114845276
0.3846015930175781,-0.3830687701702118,0.46141329407691956
0.39295682311058044,-0.37766802310943604,0.4583560526371002
0.39919283986091614,-0.37347280979156494,0.45594093203544617
0.407278448343277,-0.36776143312454224,0.45282483100891113
0.4129708707332611,-0.36323198676109314,0.4507184326648712
0.42035382986068726,-0.3572029173374176,0.4481598138809204
0.42792460322380066,-0.3510358929634094,0.44556888937950134
0.43343523144721985,-0.3461875915527344,0.4437931776046753
0.4402993321418762,-0.33956754207611084,0.4416499733924866
0.44707190990448,-0.33269670605659485,0.4392508864402771
0.4536523222923279,-0.3259042799472809,0.4365869462490082
0.4583545923233032,-0.32069554924964905,0.43450990319252014
0.4644334018230438,-0.3134874403476715,0.4318382441997528
0.470397025346756,-0.30603498220443726,0.42990967631340027
0.47591039538383484,-0.29845866560935974,0.4293583333492279
0.4798663258552551,-0.2927793264389038,0.4298551678657532
0.4853915572166443,-0.28501126170158386,0.431465208530426
0.4893988072872162,-0.27905818819999695,0.4336163401603699
0.4944569170475006,-0.27096062898635864,0.4378422796726227
0.499524861574173,-0.2627725601196289,0.44287705421447754
0.5044397711753845,-0.2545386850833893,0.44842445850372314
0.507952094078064,-0.24837404489517212,0.4530077278614044
0.5125110149383545,-0.2400292009115219,0.4593614339828491
0.5171594023704529,-0.231633722782135,0.4655947685241699
0.5218828320503235,-0.22295580804347992,0.4714447557926178
0.5253002047538757,-0.21634425222873688,0.4754527509212494
0.5295649170875549,-0.20755140483379364,0.4804104268550873
0.5326590538024902,-0.20096509158611298,0.4838032126426697
0.5367584228515625,-0.1921229511499405,0.48797738552093506
0.5406910181045532,-0.18336203694343567,0.4915502965450287
0.5443657636642456,-0.1748402863740921,0.49450135231018066
0.5468845367431641,-0.168606236577034,0.49629706144332886
0.5499154925346375,-0.16033847630023956,0.49832212924957275
0.5525455474853516,-0.15220020711421967,0.500115692615509
0.5543569326400757,-0.14609691500663757,0.5010010004043579
0.5565445423126221,-0.13808798789978027,0.5018054246902466
0.5584672093391418,-0.13045978546142578,0.5024287104606628
0.560002863407135,-0.12313035130500793,0.5029576420783997
0.5609986782073975,-0.11767195165157318,0.5031597018241882
0.5622816681861877,-0.110457643866539,0.5029929876327515
0.5633283853530884,-0.10338103026151657,0.5020521283149719
0.5639814734458923,-0.09813658893108368,0.5008856654167175
0.5647411942481995,-0.09135086089372635,0.4988514482975006
0.5654603242874146,-0.08466742932796478,0.4963049590587616
0.566340446472168,-0.07779115438461304,0.492993026971817
0.5670154094696045,-0.07269437611103058,0.49011141061782837
0.5678280591964722,-0.0659852921962738,0.4860118329524994
0.5684866905212402,-0.060958556830883026,0.4829360842704773
0.5695610642433167,-0.05399126932024956,0.47877630591392517
0.5706785321235657,-0.04691621661186218,0.4746232032775879
0.5718829035758972,-0.04012877866625786,0.47035476565361023
0.573108434677124,-0.03333806246519089,0.46583664417266846
0.5739533305168152,-0.02826274372637272,0.46216273307800293
0.5749718546867371,-0.02142205834388733,0.45705559849739075
0.575526773929596,-0.0163284745067358,0.45332345366477966
0.5762039422988892,-0.009589570574462414,0.44850412011146545
0.5771264433860779,-0.0028234696947038174,0.4440891444683075
0.5781568884849548,0.003931376151740551,0.4403681457042694
0.5789841413497925,0.00928469654172659,0.4386100471019745
0.5800297856330872,0.0168576892465353,0.4377386271953583
0.5810438990592957,0.024438975378870964,0.4385545253753662
0.5818960070610046,0.030059896409511566,0.4398438632488251
0.5832047462463379,0.03776601701974869,0.4420347809791565
0.5844393372535706,0.04568823054432869,0.44503870606422424
0.5850770473480225,0.051645658910274506,0.4478485584259033
0.5856984257698059,0.05949490889906883,0.4520188868045807
0.5865018367767334,0.06729251146316528,0.45603254437446594
0.5871931314468384,0.07486917078495026,0.4595026969909668
0.5876146554946899,0.08048080652952194,0.46200722455978394
0.5879946351051331,0.08773376047611237,0.46524402499198914
0.5882127285003662,0.09478630125522614,0.4681820869445801
0.5883899331092834,0.09995776414871216,0.4699985384941101
0.5886663794517517,0.10655929893255234,0.4720042645931244
0.5888597965240479,0.11285260319709778,0.47370782494544983
0.5888352990150452,0.11888191848993301,0.475060373544693
0.5885756015777588,0.12314559519290924,0.47574329376220703
0.5881118774414062,0.1284652054309845,0.47628533840179443
0.5875828862190247,0.13340356945991516,0.47611814737319946
0.5869978666305542,0.13678127527236938,0.47569093108177185
0.5859370827674866,0.14108113944530487,0.47485196590423584
0.5848130583763123,0.14538303017616272,0.4737991392612457
0.5836808681488037,0.14947490394115448,0.4725843369960785
0.5829351544380188,0.15370123088359833,0.47183141112327576
0.5824514627456665,0.15679776668548584,0.47192955017089844
0.5815190672874451,0.16086815297603607,0.47277820110321045
0.580686092376709,0.16538123786449432,0.47406575083732605
0.580280065536499,0.16912557184696198,0.475168377161026
0.5800076723098755,0.17428573966026306,0.47655701637268066
0.5798829793930054,0.17928797006607056,0.47764119505882263
0.579868495464325,0.1831866055727005,0.4784238040447235
0.5800732374191284,0.18847112357616425,0.4798946678638458
0.5801587104797363,0.193719744682312,0.48178163170814514
0.5801947712898254,0.1980109065771103,0.4833720922470093
0.5804315805435181,0.20408350229263306,0.4859149158000946
0.580776035785675,0.21031451225280762,0.4885631799697876
0.5810086727142334,0.21493208408355713,0.49045461416244507
0.5814578533172607,0.2213674783706665,0.4926627278327942
0.5823193192481995,0.22819936275482178,0.49509382247924805
0.5834041833877563,0.23532691597938538,0.4975561797618866
0.58443683385849,0.2407965213060379,0.49947983026504517
0.5860604047775269,0.24815930426120758,0.5022849440574646
0.5876211524009705,0.255349725484848,0.5054293274879456
0.588646411895752,0.26055169105529785,0.5079284906387329
0.5899636745452881,0.2672482430934906,0.510797381401062
0.591518759727478,0.27384278178215027,0.512955367565155
0.5928965210914612,0.2802642285823822,0.5143603086471558
0.5935867428779602,0.2850525379180908,0.5151340961456299
0.5943717360496521,0.2911922037601471,0.5161392092704773
0.5950402617454529,0.2969163954257965,0.517605721950531
0.5952588319778442,0.30133578181266785,0.5189864635467529
0.5953514575958252,0.30734172463417053,0.5210272669792175
0.5950901508331299,0.3131263256072998,0.5230151414871216
0.5947011113166809,0.31753024458885193,0.5244603157043457
0.5941564440727234,0.3236054480075836,0.5262694358825684
0.5935302972793579,0.3297213912010193,0.5278429985046387
0.5928412675857544,0.3345668911933899,0.528922438621521
0.5914987325668335,0.3409704864025116,0.5305512547492981
0.5900313854217529,0.347371906042099,0.5322089195251465
0.5886986255645752,0.3538009226322174,0.5336374044418335
0.5877137780189514,0.3588947653770447,0.5342178344726562
0.5864140391349792,0.365818589925766,0.534171462059021
0.5849766135215759,0.3725923001766205,0.5333991050720215
0.5836080312728882,0.3776896297931671,0.5325903296470642
0.5815406441688538,0.3843749761581421,0.5312951803207397
0.5793593525886536,0.3912621736526489,0.5296525359153748
0.5768656730651855,0.39816537499427795,0.5277677178382874
0.5747573375701904,0.4032796621322632,0.5261403918266296
0.5716106295585632,0.41021257638931274,0.5237295627593994
0.568152904510498,0.4170868396759033,0.5212048888206482
0.5654264688491821,0.4221576750278473,0.5191690921783447
0.5616396069526672,0.4287393093109131,0.516413688659668
0.5574449896812439,0.43509531021118164,0.5137577652931213
0.5539654493331909,0.43976303935050964,0.5119255185127258
0.548989474773407,0.445957213640213,0.5094791650772095
0.5437338948249817,0.4519713521003723,0.5069887042045593
0.53958660364151,0.4561725854873657,0.5051752328872681
0.53386390209198,0.46155303716659546,0.502806544303894
0.527854859828949,0.46683311462402344,0.5005152821540833
0.5215907096862793,0.471722275018692,0.49860358238220215
0.514944314956665,0.47634005546569824,0.4970961809158325
0.5097439885139465,0.47979679703712463,0.4962393045425415
0.5026056170463562,0.4841875731945038,0.4953036606311798
0.4971071481704712,0.4872191846370697,0.49464255571365356
0.489554762840271,0.4910317361354828,0.4937402009963989
0.4816770851612091,0.4946514368057251,0.4930514991283417
0.4734090566635132,0.4980698525905609,0.4928358495235443
0.4670122265815735,0.5005546808242798,0.49305227398872375
0.45865297317504883,0.5038572549819946,0.4939238131046295
0.4500836730003357,0.5068870186805725,0.4957464039325714
0.44138598442077637,0.5096096992492676,0.498185396194458
0.43488436937332153,0.5115059614181519,0.5001190900802612
0.42625370621681213,0.5139647126197815,0.5025442838668823
0.4199070632457733,0.5156971216201782,0.5043408870697021
0.4092680811882019,0.5183393359184265,0.507445752620697
0.40266913175582886,0.5199337601661682,0.5091394782066345
0.39399540424346924,0.5221284627914429,0.5112044811248779
0.3856019079685211,0.5242307782173157,0.5130372047424316
0.3792288601398468,0.5259017944335938,0.5143261551856995
0.3708367347717285,0.5281307697296143,0.5158596634864807
0.36263027787208557,0.5301345586776733,0.5173673033714294
0.35642582178115845,0.5317429900169373,0.518548846244812
0.34807732701301575,0.5341597199440002,0.5200709700584412
0.339743971824646,0.5366733074188232,0.5214362740516663
0.3335159718990326,0.5386441349983215,0.5221618413925171
0.325361043214798,0.5413159132003784,0.5226886868476868
0.31723111867904663,0.5440400838851929,0.5224445462226868
0.3111688494682312,0.5462591052055359,0.5217379331588745
0.30309054255485535,0.549260675907135,0.5203600525856018
0.29501909017562866,0.5522799491882324,0.5185747146606445
0.2872197926044464,0.5552748441696167,0.5165314674377441
0.2816915512084961,0.5574914813041687,0.5148892402648926
0.27441686391830444,0.5606693029403687,0.5126428008079529
0.2674369513988495,0.5639485716819763,0.5100725889205933
0.26242321729660034,0.566281795501709,0.5080556273460388
0.25595808029174805,0.5692622661590576,0.5056461095809937
0.2496034801006317,0.5720256567001343,0.5039699077606201
0.24343442916870117,0.57472163438797,0.5027848482131958
0.2389339655637741,0.5767781734466553,0.5020987391471863
0.23303377628326416,0.5795941352844238,0.5014223456382751
0.22858600318431854,0.5815889239311218,0.501052975654602
0.2227141112089157,0.584099531173706,0.5005959272384644
0.2170114368200302,0.5863317847251892,0.5003977417945862
0.21122859418392181,0.5886090993881226,0.5006036758422852
0.20684978365898132,0.5902987122535706,0.5009195804595947
0.20102322101593018,0.5923535823822021,0.501660943031311
0.1951952427625656,0.5943562984466553,0.502540111541748
0.18946872651576996,0.5964224338531494,0.5032038688659668
0.18528762459754944,0.5978027582168579,0.5035519599914551
0.17973293364048004,0.5994693636894226,0.5038570165634155
0.17412562668323517,0.6009823083877563,0.5041189193725586
0.16857600212097168,0.6024708151817322,0.5045206546783447
0.16445711255073547,0.6035606265068054,0.5049477815628052
0.1590527445077896,0.6048836708068848,0.5055856704711914
0.15510818362236023,0.6058521270751953,0.5061154365539551
0.1498601734638214,0.6071946024894714,0.5066787004470825
0.14469897747039795,0.6083837747573853,0.5069953799247742
0.140813946723938,0.6091452836990356,0.5071240663528442
0.13557691872119904,0.6101629137992859,0.5071622729301453
0.13045595586299896,0.6110504865646362,0.5070288777351379
0.12560048699378967,0.6116709113121033,0.5068700909614563
0.12208613008260727,0.6120292544364929,0.5068420767784119
0.11736186593770981,0.6123495697975159,0.5070910453796387
0.11254624277353287,0.6127481460571289,0.5073830485343933
0.10771920531988144,0.6129796504974365,0.507411777973175
0.10422880202531815,0.6130386590957642,0.507361114025116
0.09953343123197556,0.6129518151283264,0.5073844790458679
0.09465838968753815,0.6128589510917664,0.5072211623191833
0.09091036021709442,0.6127883195877075,0.5067198872566223
0.08590387552976608,0.6125765442848206,0.5057043433189392
0.08087298274040222,0.612409770488739,0.5047082901000977
0.07703132927417755,0.6123827695846558,0.5041691064834595
0.07189399003982544,0.6121780872344971,0.5036548376083374
0.06679394841194153,0.6121154427528381,0.5034411549568176
0.06158846616744995,0.6122190952301025,0.503571629524231
0.05764929950237274,0.612293004989624,0.5039613842964172
0.05234283208847046,0.6123404502868652,0.5049312710762024
0.04704679548740387,0.6125079989433289,0.5059826374053955
0.04312681406736374,0.6128515005111694,0.506679117679596
0.037945136427879333,0.6133097410202026,0.5072968602180481
0.03268730640411377,0.6139006614685059,0.5078381299972534
0.02858826518058777,0.6143020987510681,0.5082511305809021
0.02298867516219616,0.6148865818977356,0.5085585117340088
0.017330314964056015,0.615507960319519,0.5083774328231812
0.011559742502868176,0.6160426735877991,0.5076709389686584
0.005561465863138437,0.6164388656616211,0.506857693195343
0.0010186177678406239,0.6167511343955994,0.5063819885253906
-0.005325469188392162,0.6171499490737915,0.5060902237892151
-0.012095946818590164,0.6175531148910522,0.5058435797691345
-0.017266565933823586,0.6177070736885071,0.5054904818534851
-0.02421621046960354,0.6176173686981201,0.5047315955162048
-0.031098652631044388,0.617631196975708,0.504283607006073
-0.03621833398938179,0.6175119280815125,0.5044381618499756
-0.04310828074812889,0.6172260046005249,0.5051372051239014
-0.050231464207172394,0.6167222857475281,0.5061865448951721
-0.05574895069003105,0.61627197265625,0.5070636868476868
-0.0632377415895462,0.6154809594154358,0.5080744028091431
-0.07097063213586807,0.6146944165229797,0.5085919499397278
-0.07909877598285675,0.6137418150901794,0.5087525248527527
-0.08548736572265625,0.6126662492752075,0.5086811780929565
-0.09427320957183838,0.6112028360366821,0.5079681873321533
-0.10307762026786804,0.6097343564033508,0.5064362287521362
-0.10959594696760178,0.6082825064659119,0.505059003829956
-0.1183648332953453,0.6061698198318481,0.503783106803894
-0.1272653043270111,0.6040853261947632,0.5032245516777039
-0.133669912815094,0.6025286316871643,0.5033547878265381
-0.14182701706886292,0.6002516150474548,0.5041057467460632
-0.14963367581367493,0.5976051092147827,0.5054379105567932
-0.15531691908836365,0.5956411361694336,0.506584107875824
-0.1627926230430603,0.5932818651199341,0.5080432891845703
-0.1700151413679123,0.5910817980766296,0.5093500018119812
-0.17690838873386383,0.5886580348014832,0.510445773601532
-0.1818206012248993,0.5868328809738159,0.5110836029052734
-0.18823911249637604,0.5846680998802185,0.5117778778076172
-0.19471906125545502,0.5826559066772461,0.512376070022583
-0.19965070486068726,0.5812065601348877,0.5128003358840942
-0.20595234632492065,0.5793055891990662,0.5134277939796448
-0.21207250654697418,0.5772424340248108,0.5143173336982727
-0.21831707656383514,0.57530277967453,0.5151673555374146
-0.22457076609134674,0.5735902786254883,0.5157251358032227
-0.22923608124256134,0.5723520517349243,0.5159410238265991
-0.23549500107765198,0.5706562399864197,0.5157662034034729
-0.24029552936553955,0.5691849589347839,0.5154610276222229
-0.24684403836727142,0.5670982599258423,0.5148981213569641
-0.2537543773651123,0.5651875734329224,0.5141286253929138
-0.26072877645492554,0.5633994936943054,0.5129334330558777
-0.26596689224243164,0.5618383288383484,0.5118744969367981
-0.27314186096191406,0.5597463846206665,0.5102652311325073
-0.28022146224975586,0.5580307841300964,0.508399486541748
-0.2854623794555664,0.5566567778587341,0.5068599581718445
-0.2923470735549927,0.5545343160629272,0.5047886967658997
-0.2991831600666046,0.5523579120635986,0.5027341842651367
-0.30433449149131775,0.5508049130439758,0.5011627078056335
-0.3111189007759094,0.5487475395202637,0.4988357424736023
-0.31795090436935425,0.5464377403259277,0.4960305690765381
-0.322990745306015,0.5445501208305359,0.49383407831192017
-0.3296390771865845,0.5418709516525269,0.49106037616729736
-0.3359583914279938,0.5390977263450623,0.4887082576751709
-0.3419804573059082,0.5363801717758179,0.4871227741241455
-0.34631311893463135,0.5343948602676392,0.4862843453884125
-0.3519909083843231,0.5315043330192566,0.48534855246543884
-0.3577209711074829,0.5284398198127747,0.4843164384365082
-0.3619113564491272,0.5260185599327087,0.48338213562965393
-0.3672041594982147,0.522940993309021,0.4819882810115814
-0.3725460171699524,0.5198733806610107,0.4802801012992859
-0.37779301404953003,0.5170068144798279,0.47846758365631104
-0.38170555233955383,0.5149670839309692,0.4772406816482544
-0.38680049777030945,0.5119009017944336,0.47592759132385254
-0.3917560577392578,0.5086031556129456,0.4751814603805542
-0.39543601870536804,0.5061064958572388,0.47512590885162354
-0.4002701938152313,0.5028939843177795,0.4756018817424774
-0.4051050543785095,0.49960753321647644,0.47666680812835693
-0.4096873998641968,0.49604398012161255,0.47823068499565125
-0.4130967855453491,0.49311554431915283,0.4798654615879059
-0.41789761185646057,0.4891158640384674,0.4824075698852539
-0.42278555035591125,0.48490700125694275,0.484981894493103
-0.42635515332221985,0.4815293550491333,0.48667198419570923
-0.43095290660858154,0.4766751229763031,0.4885585904121399
-0.43590736389160156,0.4716205298900604,0.4904622435569763
-0.4400426149368286,0.46776440739631653,0.4916937053203583
-0.44563719630241394,0.4623351991176605,0.49313679337501526
-0.4512612819671631,0.4565945267677307,0.49438977241516113
-0.45561927556991577,0.45226189494132996,0.4952199161052704
-0.4617116153240204,0.4465482532978058,0.496092826128006
-0.4680837094783783,0.4407122731208801,0.4967169165611267
-0.47454625368118286,0.4348605275154114,0.4973556101322174
-0.47956693172454834,0.43029090762138367,0.49799394607543945
-0.4865228235721588,0.42413389682769775,0.49887263774871826
-0.49358171224594116,0.41798144578933716,0.4995865523815155
-0.5005845427513123,0.41176050901412964,0.5001469850540161
-0.5058368444442749,0.4070357382297516,0.5006257891654968
-0.5129798054695129,0.4007902145385742,0.5013265609741211
-0.5201416611671448,0.3947107791900635,0.5018948316574097
-0.5254822373390198,0.3900967836380005,0.5022287368774414
-0.5325494408607483,0.383882075548172,0.502659797668457
-0.5395750403404236,0.3778124451637268,0.503126859664917
-0.5467316508293152,0.3718692362308502,0.5037358403205872
-0.5520662069320679,0.36748024821281433,0.5041181445121765
-0.5589274168014526,0.36158373951911926,0.5046288967132568
-0.5655800700187683,0.3555810749530792,0.5051188468933105
-0.5703514814376831,0.351168155670166,0.5053966045379639
-0.5764910578727722,0.3451879024505615,0.5058435201644897
-0.5826789140701294,0.3392414450645447,0.5065150856971741
-0.5871500372886658,0.3348558843135834,0.5070050954818726
-0.5928391218185425,0.32886072993278503,0.5075411796569824
-0.5981785655021667,0.32261577248573303,0.507871150970459
-0.6033409237861633,0.3161846995353699,0.508063018321991
-0.6071043014526367,0.311210572719574,0.5080757141113281
-0.6120799779891968,0.3045788109302521,0.5079385638237
-0.6158349514007568,0.2994738221168518,0.5079081058502197
-0.6209165453910828,0.29237502813339233,0.5081272125244141
-0.6260398030281067,0.28520581126213074,0.5083534717559814
-0.6310843825340271,0.2780008018016815,0.5083026885986328
-0.6348550915718079,0.2724575400352478,0.5080828070640564
-0.6400694251060486,0.2648601531982422,0.5076488256454468
-0.6453337073326111,0.2572483718395233,0.5070918202400208
-0.6504612565040588,0.2497464418411255,0.5063668489456177
-0.654330849647522,0.24395751953125,0.5054755210876465
-0.659538745880127,0.23622916638851166,0.5038595795631409
-0.6646597385406494,0.22867602109909058,0.501896321773529
-0.6684326529502869,0.2230728268623352,0.5004254579544067
-0.6733716726303101,0.2155846357345581,0.49859654903411865
-0.6779847741127014,0.20813128352165222,0.4968869686126709
-0.6812429428100586,0.2026444375514984,0.4956565499305725
-0.6852716207504272,0.1953755021095276,0.4943227767944336
-0.6889347434043884,0.18820816278457642,0.4936605393886566
-0.692466139793396,0.18099111318588257,0.4935644865036011
-0.6947559714317322,0.17568077147006989,0.4938821494579315
-0.6973263025283813,0.16877660155296326,0.49499064683914185
-0.6995209455490112,0.16195589303970337,0.4964869022369385
-0.7009258270263672,0.15679214894771576,0.49749383330345154
-0.7025812268257141,0.14983093738555908,0.4985705018043518
-0.7039076685905457,0.14298443496227264,0.49950364232063293
-0.7047721147537231,0.13620957732200623,0.5004177093505859
-0.7051719427108765,0.13109026849269867,0.5011289715766907
-0.7056331038475037,0.12412730604410172,0.5018070340156555
-0.7058961391448975,0.11704585701227188,0.5021915435791016
-0.7060090899467468,0.11155405640602112,0.502483069896698
-0.7062098383903503,0.10423865169286728,0.5027123093605042
-0.7062626481056213,0.09692361205816269,0.5027947425842285
-0.7061046361923218,0.09129257500171661,0.5027953386306763
-0.7058784365653992,0.08372101187705994,0.5028544068336487
-0.705788791179657,0.07625027000904083,0.5028522610664368
-0.7055681943893433,0.06842094659805298,0.5029612183570862
-0.7052656412124634,0.06217791140079498,0.5033257603645325
-0.7045518755912781,0.054040320217609406,0.5040045380592346
-0.7035524249076843,0.04591390863060951,0.504897952079773
-0.7023643851280212,0.03749249875545502,0.5060412883758545
-0.7013182044029236,0.031079763546586037,0.5071297883987427
-0.6999498009681702,0.022260943427681923,0.5086718201637268
-0.6985141038894653,0.013239830732345581,0.5099233984947205
-0.6972999572753906,0.006452813278883696,0.5106080770492554
-0.695564329624176,-0.0026122459676116705,0.5111559629440308
-0.6939802169799805,-0.011709382757544518,0.5112666487693787
-0.6927992701530457,-0.018608471378684044,0.5111949443817139
-0.6912105083465576,-0.027749132364988327,0.5110310316085815
-0.6897386908531189,-0.03682302311062813,0.5107970833778381
-0.6883358359336853,-0.045936040580272675,0.5106568336486816
-0.6870912909507751,-0.05276923626661301,0.5107235908508301
-0.6853353381156921,-0.0617680698633194,0.5112050771713257
-0.6842687129974365,-0.0684557631611824,0.511702299118042
-0.6829866170883179,-0.07732417434453964,0.5123843550682068
-0.681789755821228,-0.08621370047330856,0.5131406188011169
-0.6807824373245239,-0.09498552978038788,0.513621985912323
-0.6800525784492493,-0.101427361369133,0.5136967897415161
-0.6791778206825256,-0.10986368358135223,0.5133841633796692
-0.6781696677207947,-0.11800993978977203,0.5128946304321289
-0.6775219440460205,-0.12395747750997543,0.5125647187232971
-0.677020788192749,-0.1316482275724411,0.5123810172080994
-0.6765251755714417,-0.1390555500984192,0.5124796032905579
-0.6756771802902222,-0.14618760347366333,0.5129154324531555
-0.675068199634552,-0.15128068625926971,0.5134112238883972
-0.6744920015335083,-0.1577547788619995,0.5139786005020142
-0.6736992001533508,-0.16431012749671936,0.5144612193107605
-0.673134446144104,-0.1691257655620575,0.5146801471710205
-0.6724256277084351,-0.1750422716140747,0.5148004293441772
-0.6716446280479431,-0.18070578575134277,0.5145844221115112
-0.6707714200019836,-0.1863475888967514,0.5137218236923218
-0.6700787544250488,-0.19052141904830933,0.5128250122070312
-0.6691771745681763,-0.19595500826835632,0.5114938020706177
-0.6684309840202332,-0.200272336602211,0.5104896426200867
-0.6673563718795776,-0.20608246326446533,0.5091373324394226
-0.6661090850830078,-0.21152491867542267,0.5076209306716919
-0.6644973158836365,-0.21700842678546906,0.5057705640792847
-0.6629987955093384,-0.22136664390563965,0.5041418075561523
-0.6606706976890564,-0.22742386162281036,0.5021216869354248
-0.657953679561615,-0.23366248607635498,0.5008166432380676
-0.655791699886322,-0.23829956352710724,0.5002890229225159
-0.6527723670005798,-0.24437609314918518,0.49992474913597107
-0.6492475271224976,-0.25059056282043457,0.49995309114456177
-0.6453529000282288,-0.25681233406066895,0.5002412796020508
-0.6423746943473816,-0.26136863231658936,0.5006529092788696
-0.6383411884307861,-0.26738080382347107,0.5013848543167114
-0.6344476938247681,-0.2733956277370453,0.5020493865013123
-0.6315348148345947,-0.27784085273742676,0.502410888671875
-0.6276215314865112,-0.2834948003292084,0.502663791179657
-0.6237305998802185,-0.2891387343406677,0.5024991631507874
-0.6198365688323975,-0.2948378026485443,0.502108633518219
-0.6169582605361938,-0.2992156744003296,0.501822829246521
-0.6130697131156921,-0.30509430170059204,0.5015815496444702
-0.6092904210090637,-0.3110395073890686,0.5015639662742615
-0.6064636707305908,-0.31550654768943787,0.5016160607337952
-0.6026837825775146,-0.321237713098526,0.5017174482345581
-0.598779559135437,-0.3270011246204376,0.501534104347229
-0.5947529673576355,-0.3330572247505188,0.5012618899345398
-0.5916290283203125,-0.3376559913158417,0.5011553168296814
-0.5874254107475281,-0.34385475516319275,0.5013311505317688
-0.5831917524337769,-0.350012868642807,0.5019251108169556
-0.5798484683036804,-0.35458847880363464,0.5025455355644226
-0.5753052234649658,-0.36044782400131226,0.5033962726593018
-0.5708765983581543,-0.3662528097629547,0.5041607618331909
-0.5676620006561279,-0.3706430196762085,0.5046039819717407
-0.5633643865585327,-0.3765298128128052,0.5049788951873779
-0.5593209266662598,-0.3822624087333679,0.5053161382675171
-0.5565142035484314,-0.386515349149704,0.5053223967552185
-0.5529822707176208,-0.392011433839798,0.5045674443244934
-0.5496737957000732,-0.3974730372428894,0.5031577944755554
-0.5468073487281799,-0.40280163288116455,0.5013841986656189
-0.5449413061141968,-0.4066592752933502,0.49996164441108704
-0.5425618886947632,-0.4117104411125183,0.4984687268733978
-0.5403173565864563,-0.4165070056915283,0.4973926246166229
-0.5388527512550354,-0.41990092396736145,0.4967242479324341
-0.5370903611183167,-0.42456355690956116,0.4963236153125763
-0.535520076751709,-0.42945167422294617,0.49663156270980835
-0.5341116189956665,-0.4339030981063843,0.4975711703300476
-0.5330166220664978,-0.4369283616542816,0.49844372272491455
-0.5314973592758179,-0.44074058532714844,0.4998752474784851
-0.5298492312431335,-0.4444359242916107,0.5012635588645935
-0.5281180143356323,-0.44782689213752747,0.5021749138832092
-0.5268018245697021,-0.45023584365844727,0.5022913813591003
-0.5247273445129395,-0.4534114599227905,0.5016427040100098
-0.5223535299301147,-0.4566309154033661,0.5007122755050659
-0.5205361247062683,-0.45909690856933594,0.5003047585487366
-0.5178281664848328,-0.46217671036720276,0.49991023540496826
-0.5146628618240356,-0.4651070833206177,0.4994644522666931
-0.5120216608047485,-0.4675605893135071,0.49919307231903076
-0.5085973739624023,-0.47076869010925293,0.49903663992881775
-0.5051723718643188,-0.4738253653049469,0.4989166259765625
-0.5021861791610718,-0.4762115180492401,0.4987020194530487
-0.49806174635887146,-0.4796253740787506,0.4984472990036011
-0.493976891040802,-0.48325684666633606,0.4982089400291443
-0.4908369779586792,-0.485989511013031,0.49789664149284363
-0.4864795207977295,-0.4894406497478485,0.49699866771698
-0.48194846510887146,-0.49298611283302307,0.49588289856910706
-0.47718921303749084,-0.49661576747894287,0.49464598298072815
-0.4734126925468445,-0.4992716908454895,0.493493914604187
-0.4684687852859497,-0.5030080676078796,0.4919462203979492
-0.46322470903396606,-0.5066242218017578,0.4899578094482422
-0.45710936188697815,-0.5097758173942566,0.48670825362205505
-0.45207998156547546,-0.5122456550598145,0.4837535619735718
-0.44537070393562317,-0.5156856179237366,0.47967907786369324
-0.43833401799201965,-0.5190002918243408,0.47579503059387207
-0.43048253655433655,-0.5219484567642212,0.4716472923755646
-0.4243338406085968,-0.5242261290550232,0.468881756067276
-0.4158251881599426,-0.5271255970001221,0.46591097116470337
-0.4090723693370819,-0.528946578502655,0.46394115686416626
-0.3998759984970093,-0.5312443375587463,0.4616466164588928
-0.3905857503414154,-0.533866286277771,0.4600515365600586
-0.3835087716579437,-0.5358124375343323,0.45921871066093445
-0.37394285202026367,-0.5382986664772034,0.4589792788028717
-0.36448341608047485,-0.5409646034240723,0.4596201777458191
-0.3573538362979889,-0.5430417060852051,0.46027353405952454
-0.3478355407714844,-0.546018123626709,0.4608072340488434
-0.3384108543395996,-0.5491463541984558,0.4607152044773102
-0.32916998863220215,-0.5523531436920166,0.46020936965942383
-0.3221912086009979,-0.5550218224525452,0.4597455561161041
-0.3129562437534332,-0.5585910677909851,0.4593175947666168
-0.30367714166641235,-0.5620034337043762,0.45910704135894775
-0.2945842742919922,-0.56586092710495,0.45923054218292236
-0.2877524495124817,-0.5687195658683777,0.4592292606830597
-0.27867475152015686,-0.5725157856941223,0.4591445028781891
-0.2696068286895752,-0.5762977600097656,0.4588444232940674
-0.2630118131637573,-0.5793256759643555,0.4587160646915436
-0.25479066371917725,-0.5838415026664734,0.4590822756290436
-0.2466774731874466,-0.5883559584617615,0.4592377245426178
-0.2406913787126541,-0.5917874574661255,0.459208607673645
-0.232785165309906,-0.5961967706680298,0.4590120315551758
-0.22504101693630219,-0.6004489660263062,0.4587591886520386
-0.21751973032951355,-0.6045716404914856,0.45799893140792847
-0.21203432977199554,-0.607642650604248,0.4571257531642914
-0.20508866012096405,-0.6118423938751221,0.4564957320690155
-0.1984894722700119,-0.6157242059707642,0.45625656843185425
-0.19357973337173462,-0.6183436512947083,0.45602545142173767
-0.18704776465892792,-0.6216074228286743,0.4558722972869873
-0.1806044578552246,-0.6245453357696533,0.45536935329437256
-0.17586275935173035,-0.6264287233352661,0.4549276828765869
-0.16967184841632843,-0.6284506320953369,0.454504132270813
-0.16343335807323456,-0.6302396059036255,0.4542334973812103
-0.1573682725429535,-0.6317071318626404,0.4541146159172058
-0.1530308723449707,-0.6325187683105469,0.454399436712265
-0.14729860424995422,-0.6330512166023254,0.455358624458313
-0.1414753496646881,-0.6336057186126709,0.4563840925693512
-0.13716664910316467,-0.6339389681816101,0.45709195733070374
-0.13160520792007446,-0.6339166164398193,0.4578978419303894
-0.1265321671962738,-0.6334594488143921,0.4586540162563324
-0.12188256531953812,-0.632949948310852,0.45989593863487244
-0.11825679242610931,-0.6326901316642761,0.46097272634506226
-0.11332637071609497,-0.6324276328086853,0.4627591371536255
-0.10848051309585571,-0.6320128440856934,0.4646468758583069
-0.10490906983613968,-0.6314811706542969,0.46564698219299316
-0.10026080161333084,-0.630742609500885,0.46603620052337646
-0.09584229439496994,-0.6300874948501587,0.4657171666622162
-0.09257374703884125,-0.6296883225440979,0.4654172658920288
-0.08857746422290802,-0.6290888786315918,0.46544551849365234
-0.08449818193912506,-0.6284363865852356,0.4658893346786499
-0.08009219169616699,-0.6279214024543762,0.46657365560531616
-0.07663923501968384,-0.6273854374885559,0.4670543074607849
-0.07199425995349884,-0.6262121200561523,0.46779027581214905
-0.06743504106998444,-0.6249597668647766,0.4690214693546295
-0.06308732181787491,-0.623612642288208,0.4707902669906616
-0.059766825288534164,-0.6223851442337036,0.47231394052505493
-0.054983559995889664,-0.6203584671020508,0.47415342926979065
-0.05025273561477661,-0.6182008981704712,0.4758000671863556
-0.046835437417030334,-0.6167085766792297,0.4769553542137146
-0.04227869212627411,-0.6143807768821716,0.47814393043518066
-0.037557605654001236,-0.6116599440574646,0.4786728024482727
-0.03276167809963226,-0.6085762977600098,0.4780969023704529
-0.02914576791226864,-0.6061298847198486,0.4770489037036896
-0.024230636656284332,-0.6028335094451904,0.4753134548664093
-0.020455002784729004,-0.6002249717712402,0.4738522171974182
-0.015262605622410774,-0.5964531898498535,0.47187238931655884
-0.010061021894216537,-0.5926475524902344,0.4705823063850403
-0.004960381425917149,-0.5887172818183899,0.47011926770210266
-0.0010255059460178018,-0.5855575799942017,0.46991822123527527
0.004286978393793106,-0.5810810923576355,0.4697205126285553
0.009471647441387177,-0.57635498046875,0.46953797340393066
0.013294833712279797,-0.5728974938392639,0.4694082736968994
0.018193988129496574,-0.5684323906898499,0.469359427690506
0.023105008527636528,-0.563862681388855,0.4689887464046478
0.02827189303934574,-0.5588650703430176,0.46834200620651245
0.03239576891064644,-0.5550642013549805,0.4678395986557007
0.03831315413117409,-0.5500298738479614,0.46685898303985596
0.04437984898686409,-0.545327365398407,0.46599462628364563
0.04894253984093666,-0.5418168902397156,0.46545717120170593
0.05529198795557022,-0.5367315411567688,0.46473458409309387
0.06210046261548996,-0.5315820574760437,0.46391648054122925
0.06923383474349976,-0.5266314148902893,0.46307626366615295
0.07482907176017761,-0.5230688452720642,0.4622628688812256
0.08257162570953369,-0.5183295607566833,0.46111875772476196
0.08839356154203415,-0.514668881893158,0.46036455035209656
0.09618488699197769,-0.5094128847122192,0.459722101688385
0.10413522273302078,-0.5040522217750549,0.4598107933998108
0.11218323558568954,-0.4987415075302124,0.4604215621948242
0.11839573830366135,-0.49479928612709045,0.46093547344207764
0.12675803899765015,-0.4893953502178192,0.46182096004486084
0.13481004536151886,-0.483644962310791,0.4632710814476013
0.1406221091747284,-0.4791252911090851,0.46460428833961487
0.14836125075817108,-0.4730137586593628,0.4663817584514618
0.1559353470802307,-0.46689921617507935,0.46823805570602417
0.16325128078460693,-0.46066105365753174,0.4703349471092224
0.1686781942844391,-0.4557361304759979,0.4719577729701996
0.17594611644744873,-0.449130117893219,0.4738211929798126
0.1832297444343567,-0.4428142309188843,0.47522830963134766
0.18860048055648804,-0.43810680508613586,0.4761960506439209
0.1955879181623459,-0.43184348940849304,0.4774070084095001
0.2025235891342163,-0.4255993068218231,0.47826677560806274
0.20955224335193634,-0.4193405508995056,0.47874119877815247
0.21649247407913208,-0.41314199566841125,0.47918060421943665
0.22157247364521027,-0.40863293409347534,0.4798385798931122
0.2286422699689865,-0.40267428755760193,0.48084354400634766
0.23415127396583557,-0.39830470085144043,0.48132893443107605
0.24149487912654877,-0.39252668619155884,0.48161664605140686
0.2488790601491928,-0.3866914212703705,0.48142319917678833
0.2561599314212799,-0.38102176785469055,0.48122939467430115
0.26153185963630676,-0.3768611252307892,0.4814135432243347
0.26887837052345276,-0.3711894452571869,0.4818520247936249
0.27618521451950073,-0.3653987944126129,0.482321172952652
0.2816840708255768,-0.3609223961830139,0.4826205372810364
0.28890177607536316,-0.35493311285972595,0.4830257296562195
0.29595959186553955,-0.3488041162490845,0.4834233820438385
0.30292272567749023,-0.3426753282546997,0.48402655124664307
0.3080942630767822,-0.33799752593040466,0.4846763014793396
0.31513407826423645,-0.3313845992088318,0.48574313521385193
0.3204384744167328,-0.3264807164669037,0.4866408109664917
0.32741856575012207,-0.3200533986091614,0.4877917468547821
0.33426690101623535,-0.31339091062545776,0.48906785249710083
0.3411354422569275,-0.3064388334751129,0.49049001932144165
0.3478787839412689,-0.29950129985809326,0.4921484589576721
0.3529229760169983,-0.29425662755966187,0.4934965670108795
0.3597957193851471,-0.2873086929321289,0.49509045481681824
0.364897757768631,-0.2820735275745392,0.4961886703968048
0.3712911307811737,-0.27513256669044495,0.49799492955207825
0.37723004817962646,-0.26829978823661804,0.500437319278717
0.3833211362361908,-0.2615632712841034,0.5029400587081909
0.38790619373321533,-0.25655296444892883,0.5047065019607544
0.39374279975891113,-0.24999016523361206,0.5070779919624329
0.399270623922348,-0.2435641884803772,0.5089904069900513
0.4033266007900238,-0.23877635598182678,0.5100934505462646
0.4085743725299835,-0.2325758934020996,0.5115088224411011
0.41371437907218933,-0.22646871209144592,0.5127686858177185
0.41883373260498047,-0.2202916443347931,0.5139702558517456
0.4226047694683075,-0.21583180129528046,0.5147055983543396
0.4274900257587433,-0.2101210653781891,0.5153020024299622
0.43216273188591003,-0.20452465116977692,0.5155990123748779
0.43565601110458374,-0.20021115243434906,0.515866756439209
0.44038209319114685,-0.19429351389408112,0.5161060094833374
0.44515281915664673,-0.18840335309505463,0.5161080360412598
0.448679655790329,-0.1841096580028534,0.5160897374153137
0.45326611399650574,-0.17851819097995758,0.5159938931465149
0.4578167498111725,-0.17279019951820374,0.5157322883605957
0.46253347396850586,-0.16705763339996338,0.5152707695960999
0.46625185012817383,-0.1626470535993576,0.5148154497146606
0.471230685710907,-0.15683802962303162,0.5143190622329712
0.47613129019737244,-0.1512206643819809,0.5139068961143494
0.48093268275260925,-0.14566512405872345,0.5133463740348816
0.4845053255558014,-0.14143535494804382,0.5128514170646667
0.4892410337924957,-0.13592730462551117,0.5121606588363647
0.49396905303001404,-0.13048303127288818,0.5113490223884583
0.4975360333919525,-0.12635576725006104,0.5105227828025818
0.5022562146186829,-0.12087458372116089,0.5092373490333557
0.5067799687385559,-0.11545832455158234,0.507920503616333
0.5100429654121399,-0.11140037328004837,0.5070434808731079
0.5143154859542847,-0.10604144632816315,0.5058701038360596
0.5185638666152954,-0.10070999711751938,0.5045580863952637
0.5217495560646057,-0.09686768054962158,0.5035663843154907
0.5259003043174744,-0.09190141409635544,0.5023661255836487
0.5298026204109192,-0.08686605840921402,0.5014117360115051
0.5326372981071472,-0.08306954801082611,0.50092613697052
0.5362734794616699,-0.07810817658901215,0.5006723403930664
0.5397394895553589,-0.07317060977220535,0.5008998513221741
0.5431281924247742,-0.06822466105222702,0.5015057921409607
0.5455681681632996,-0.06456989049911499,0.5019549131393433
0.5487201809883118,-0.059807147830724716,0.5023629665374756
0.5518068671226501,-0.055175043642520905,0.5025651454925537
0.5540053844451904,-0.05178382247686386,0.5025993585586548
0.5567193627357483,-0.047399990260601044,0.5024917721748352
0.5619948506355286,-0.039091404527425766,0.5018245577812195
0.5639509558677673,-0.03602005913853645,0.5014705657958984
0.5665424466133118,-0.032129477709531784,0.5008076429367065
0.5690380334854126,-0.028550496324896812,0.49985936284065247
0.5708786845207214,-0.026053236797451973,0.4990389347076416
0.5732513666152954,-0.02289840579032898,0.4979826509952545
0.575371265411377,-0.019990840926766396,0.49696817994117737
0.5768696069717407,-0.017903190106153488,0.496170312166214
0.5788659453392029,-0.015206640586256981,0.49503976106643677
0.5806857943534851,-0.012607242912054062,0.49387577176094055
0.5822442770004272,-0.010134333744645119,0.4926687180995941
0.5833307504653931,-0.008393821306526661,0.49179935455322266
0.5846776366233826,-0.006211543455719948,0.4907006025314331
0.5858064889907837,-0.003907186910510063,0.48983335494995117
0.5865344405174255,-0.0020969919860363007,0.48936399817466736
0.5874431133270264,0.0004377313598524779,0.48886510729789734
0.5883016586303711,0.003090677550062537,0.4884224236011505
0.5888866782188416,0.005098327063024044,0.4881893992424011
0.5896242260932922,0.008019251748919487,0.48814475536346436
0.5903230309486389,0.011323965154588223,0.4883323609828949
0.590979278087616,0.014809493906795979,0.48867398500442505
0.5915154218673706,0.017665283754467964,0.4890214800834656
0.592180609703064,0.021867036819458008,0.48978713154792786
0.5926547646522522,0.026538902893662453,0.49087947607040405
0.5929417610168457,0.03032407909631729,0.4920043647289276
0.5932354927062988,0.03559856116771698,0.4936690330505371
0.5935254096984863,0.0412483774125576,0.495193213224411
0.5938045382499695,0.04727312922477722,0.4963456392288208
0.5938608050346375,0.05200815945863724,0.4969397783279419
0.5937100052833557,0.05855365842580795,0.4971689283847809
0.593346893787384,0.0652998611330986,0.49699506163597107
0.59300297498703,0.07059472054243088,0.49678856134414673
0.5924364328384399,0.0779426172375679,0.49656781554222107
0.5915793776512146,0.08540762215852737,0.49654531478881836
0.5907399654388428,0.09106402844190598,0.4967285096645355
0.5893940925598145,0.09881044179201126,0.49716827273368835
0.5879254341125488,0.10666541010141373,0.49756190180778503
0.5863521695137024,0.11452535539865494,0.49768224358558655
0.5850136876106262,0.12040967494249344,0.49750053882598877
0.583032488822937,0.12861613929271698,0.4972694516181946
0.581009566783905,0.13699442148208618,0.49733254313468933
0.5787767767906189,0.14539551734924316,0.4976796507835388
0.5770561695098877,0.1516624242067337,0.49812477827072144
0.5748134851455688,0.15989437699317932,0.49883487820625305
0.572455883026123,0.16824321448802948,0.49976208806037903
0.570572018623352,0.17453759908676147,0.500636875629425
0.5680636167526245,0.18282431364059448,0.5018942952156067
0.5655314922332764,0.1908094882965088,0.502987265586853
0.5628848671913147,0.19866570830345154,0.5037919282913208
0.5608802437782288,0.20445649325847626,0.5041128396987915
0.5579977035522461,0.21207080781459808,0.5041201114654541
0.5550161600112915,0.21959950029850006,0.5034289956092834
0.5527582764625549,0.22519057989120483,0.5026738047599792
0.5497393012046814,0.23237498104572296,0.5015960931777954
0.5466910600662231,0.23935429751873016,0.5004898905754089
0.544380784034729,0.2446296215057373,0.49981236457824707
0.5413127541542053,0.25164902210235596,0.49921685457229614
0.538338303565979,0.25833660364151,0.4988129138946533
0.5361526012420654,0.26333311200141907,0.4986136853694916
0.5332208871841431,0.2698739767074585,0.4983863830566406
0.5303621292114258,0.2763271629810333,0.4980960488319397
0.5281589031219482,0.28102830052375793,0.497758686542511
0.5252242088317871,0.2871383726596832,0.49711596965789795
0.5225472450256348,0.29315856099128723,0.4962427318096161
0.519904613494873,0.29880326986312866,0.4950370788574219
0.5177514553070068,0.30276328325271606,0.4940233826637268
0.5148880481719971,0.3077045679092407,0.4925321936607361
0.5120166540145874,0.31253957748413086,0.49094897508621216
0.5090170502662659,0.31700003147125244,0.48921820521354675
0.5068821907043457,0.32020103931427,0.48799511790275574
0.5039793252944946,0.32431891560554504,0.48677414655685425
0.500849723815918,0.32815325260162354,0.48599281907081604
0.49767374992370605,0.33178219199180603,0.48554161190986633
0.49533405900001526,0.33432626724243164,0.4853511452674866
0.4920709431171417,0.33764418959617615,0.48530706763267517
0.4894941449165344,0.3400530219078064,0.4854189157485962
0.4858191907405853,0.34319597482681274,0.4855818450450897
0.48227912187576294,0.3463079333305359,0.4856460690498352
0.4792509973049164,0.34975340962409973,0.48596617579460144
0.4772321283817291,0.3525671064853668,0.4866042137145996
0.4745902717113495,0.3564721941947937,0.48781731724739075
0.47205987572669983,0.3604564368724823,0.48922112584114075
0.47035863995552063,0.3634991943836212,0.4902535080909729
0.4687202572822571,0.3679881691932678,0.49123919010162354
0.4676938056945801,0.37259727716445923,0.4918323755264282
0.4671882688999176,0.37596434354782104,0.49200621247291565
0.46668490767478943,0.38027215003967285,0.4918226897716522
0.46629634499549866,0.3848109543323517,0.49130189418792725
0.4661138355731964,0.3882409334182739,0.4907586872577667
0.46612149477005005,0.392759770154953,0.48999547958374023
0.46633380651474,0.39725208282470703,0.48935455083847046
0.46642741560935974,0.4014895260334015,0.4890784025192261
0.4665198028087616,0.40542498230934143,0.4888683259487152
0.4666484594345093,0.40829744935035706,0.48859843611717224
0.4667159914970398,0.4119945168495178,0.4880791902542114
0.4663790762424469,0.4158647060394287,0.4875992238521576
0.46616873145103455,0.41902169585227966,0.4875129461288452
0.46571454405784607,0.4229029715061188,0.487707257270813
0.46501073241233826,0.4266975224018097,0.48820939660072327
0.46399328112602234,0.4305966794490814,0.4889064133167267
0.4628932774066925,0.4335610866546631,0.48940926790237427
0.4610516130924225,0.4375962018966675,0.4897841513156891
0.45892104506492615,0.44162115454673767,0.48957666754722595
0.4570450484752655,0.4446961283683777,0.48906761407852173
0.45416611433029175,0.4490857720375061,0.48818153142929077
0.4509645402431488,0.45379936695098877,0.48725882172584534
0.44849056005477905,0.4573593735694885,0.48656463623046875
0.44461870193481445,0.4618378281593323,0.4856690764427185
0.44015809893608093,0.46665486693382263,0.4849092960357666
0.4365999698638916,0.4703274667263031,0.48436281085014343
0.4314523935317993,0.4750295877456665,0.483551561832428
0.42611944675445557,0.4796731770038605,0.4825296103954315
0.4204578399658203,0.48431986570358276,0.48128488659858704
0.41586774587631226,0.4877917170524597,0.48044297099113464
0.4093747138977051,0.49237602949142456,0.47971946001052856
0.4026954472064972,0.4970438778400421,0.47961515188217163
0.39760324358940125,0.5004726648330688,0.48006704449653625
0.39067572355270386,0.5049812197685242,0.48117950558662415
0.3835277557373047,0.5095250010490417,0.48262327909469604
0.37638500332832336,0.5143506526947021,0.48412472009658813
0.3709869980812073,0.5180140733718872,0.48533064126968384
0.363304078578949,0.5228061676025391,0.48707976937294006
0.35531318187713623,0.5277416110038757,0.4884292483329773
0.3493753671646118,0.5315942168235779,0.4890739619731903
0.3415743410587311,0.5367355942726135,0.48957058787345886
0.3334001302719116,0.5417078137397766,0.4898732602596283
0.32704058289527893,0.5453958511352539,0.4898990988731384
0.3184262812137604,0.5504981279373169,0.4897887110710144
0.30958595871925354,0.5551813244819641,0.48995235562324524
0.3007358908653259,0.5596672296524048,0.49006834626197815
0.2940957248210907,0.5631855726242065,0.48993241786956787
0.2853361964225769,0.5677579641342163,0.4894174635410309
0.27661535143852234,0.5719814896583557,0.48869410157203674
0.27001211047172546,0.5750210881233215,0.4882337152957916
0.26113420724868774,0.5789409875869751,0.4877466857433319
0.25241100788116455,0.5829470753669739,0.48744943737983704
0.2438523918390274,0.5871866345405579,0.48729193210601807
0.23743021488189697,0.5904384851455688,0.4873422384262085
0.2288828194141388,0.5947608351707458,0.4871502220630646
0.22256320714950562,0.5980867743492126,0.4867030680179596
0.2145433872938156,0.6028534173965454,0.4858636260032654
0.20657126605510712,0.6076086163520813,0.4851398766040802
0.19847224652767181,0.6123802065849304,0.4844754636287689
0.1924867480993271,0.6160584688186646,0.4837074279785156
0.18483345210552216,0.6212098002433777,0.4823561906814575
0.17753060162067413,0.6265122890472412,0.4810023009777069
0.17035257816314697,0.6319790482521057,0.4799233675003052
0.16495656967163086,0.6360745429992676,0.4789964258670807
0.15785673260688782,0.6414552330970764,0.4774092137813568
0.15253330767154694,0.6454829573631287,0.476159006357193
0.14555400609970093,0.6508618593215942,0.47410470247268677
0.13859987258911133,0.6564866900444031,0.4717489778995514
0.13162408769130707,0.6619511246681213,0.46941080689430237
0.1265338957309723,0.6659219264984131,0.4674709141254425
0.11991728097200394,0.6711642742156982,0.4648858308792114
0.1132294088602066,0.6761289834976196,0.46286287903785706
0.10632692277431488,0.6810324192047119,0.46133771538734436
0.1010495200753212,0.684657096862793,0.46043112874031067
0.09421522915363312,0.6893740892410278,0.4596641957759857
0.08770737797021866,0.6935915350914001,0.45915183424949646
0.08296649158000946,0.6963871121406555,0.45872002840042114
0.07663733512163162,0.7000020146369934,0.4581787586212158
0.07006407529115677,0.7033801078796387,0.4578649699687958
0.06339419633150101,0.7060898542404175,0.4576698839664459
0.05836324393749237,0.7078760862350464,0.45790520310401917
0.05175132304430008,0.7097927927970886,0.4589930474758148
0.04684813320636749,0.7109678387641907,0.4602600932121277
0.04012659937143326,0.7121948599815369,0.46234527230262756
0.03334605693817139,0.7129483819007874,0.46488967537879944
0.026404574513435364,0.7129499316215515,0.46766161918640137
0.020952466875314713,0.7127063274383545,0.4696536958217621
0.013539722189307213,0.7121000289916992,0.4718971252441406
0.00616453867405653,0.7107545137405396,0.47352004051208496
-0.0011656692950055003,0.7085536122322083,0.4747990369796753
-0.0068051861599087715,0.7068238258361816,0.4759470224380493
-0.014721928164362907,0.7042340636253357,0.4775295555591583
-0.02281496860086918,0.700772225856781,0.47913143038749695
-0.02860959805548191,0.6976361274719238,0.4803079068660736
-0.03614138066768646,0.6931285262107849,0.48175597190856934
-0.043876998126506805,0.6885985136032104,0.4833008050918579
-0.049838945269584656,0.6849998235702515,0.48457345366477966
-0.05781707912683487,0.680085301399231,0.4860312342643738
-0.06571118533611298,0.674791157245636,0.4868921935558319
-0.07151200622320175,0.6707341074943542,0.48726457357406616
-0.07929036766290665,0.6654396057128906,0.48782140016555786
-0.08707597851753235,0.6602395176887512,0.4885292649269104
-0.09487336874008179,0.6550663709640503,0.4893202781677246
-0.10057495534420013,0.6511605381965637,0.48981931805610657
-0.10808665305376053,0.6460102796554565,0.4902595579624176
-0.11568974703550339,0.641020655632019,0.4902760088443756
-0.12152092158794403,0.6373733878135681,0.49011269211769104
-0.12936265766620636,0.6327158808708191,0.48970523476600647
-0.1372603327035904,0.6283485889434814,0.4892154335975647
-0.143148735165596,0.6251928806304932,0.488780677318573
-0.15094898641109467,0.6210302114486694,0.4882364869117737
-0.15886276960372925,0.6171644330024719,0.48782551288604736
-0.16691768169403076,0.6136258840560913,0.4876159727573395
-0.17314930260181427,0.6112815141677856,0.4874317944049835
-0.18157342076301575,0.6084386110305786,0.4869711995124817
-0.18994925916194916,0.6059026718139648,0.48638859391212463
-0.19836875796318054,0.6035029292106628,0.48602095246315
-0.20482251048088074,0.6020076870918274,0.48574769496917725
-0.21326804161071777,0.6002554893493652,0.4854004383087158
-0.21947181224822998,0.5990416407585144,0.48503926396369934
-0.2300185263156891,0.5974976420402527,0.4844346344470978
-0.2364354431629181,0.5968592166900635,0.48401525616645813
-0.24482667446136475,0.5960181951522827,0.4835062623023987
-0.250969260931015,0.59537273645401,0.4831639528274536
-0.25911328196525574,0.5947505235671997,0.48288828134536743
-0.2671712040901184,0.5942210555076599,0.4828570485115051
-0.27313849329948425,0.5939320921897888,0.48284921050071716
-0.28088608384132385,0.5936409831047058,0.48268675804138184
-0.2884238660335541,0.5932076573371887,0.4824897050857544
-0.29398584365844727,0.5928131341934204,0.482482373714447
-0.30136606097221375,0.5923044681549072,0.4828703999519348
-0.30855420231819153,0.5917305946350098,0.4836656451225281
-0.31566768884658813,0.5911012887954712,0.4845561385154724
-0.3208562433719635,0.5905091166496277,0.48519065976142883
-0.32769152522087097,0.5896052122116089,0.48597580194473267
-0.3345410227775574,0.588663637638092,0.4867827892303467
-0.33966079354286194,0.5878610610961914,0.48738184571266174
-0.3482341468334198,0.5864370465278625,0.4884037971496582
-0.35352563858032227,0.585513710975647,0.4888612627983093
-0.36056509613990784,0.5842447876930237,0.48915570974349976
-0.3675614595413208,0.5827792882919312,0.4890041947364807
-0.37290021777153015,0.5815492868423462,0.48855191469192505
-0.38028275966644287,0.579866886138916,0.4877260625362396
-0.3859645426273346,0.5785674452781677,0.48702681064605713
-0.3935827314853668,0.5766718983650208,0.4860452711582184
-0.4012228846549988,0.5745960474014282,0.48505011200904846
-0.4088958203792572,0.5724166035652161,0.484010249376297
-0.4165452718734741,0.5701000094413757,0.48309630155563354
-0.422211617231369,0.5681592226028442,0.48258790373802185
-0.4295373558998108,0.5652413964271545,0.4823964536190033
-0.434993177652359,0.5629021525382996,0.4826619327068329
-0.4423305094242096,0.5596028566360474,0.48336607217788696
-0.44944047927856445,0.5561767220497131,0.48411867022514343
-0.45622244477272034,0.5523740649223328,0.4847855567932129
-0.4611358046531677,0.5492078065872192,0.4852798581123352
-0.4675747752189636,0.5447261929512024,0.48615655303001404
-0.47391679883003235,0.5400627851486206,0.487341046333313
-0.4786725342273712,0.536445140838623,0.4883122444152832
-0.4849477708339691,0.5314150452613831,0.4895070195198059
-0.4910896122455597,0.5261906981468201,0.4904240071773529
-0.4970732033252716,0.5207769274711609,0.49095019698143005
-0.5015228986740112,0.5166686773300171,0.49110662937164307
-0.507398247718811,0.5111436247825623,0.4912489354610443
-0.5131486654281616,0.5056000351905823,0.4914640188217163
-0.5172211527824402,0.5014595985412598,0.4916281998157501
-0.522412896156311,0.49593275785446167,0.4918782711029053
-0.527544379234314,0.490373432636261,0.49218955636024475
-0.531281054019928,0.48626306653022766,0.4926811158657074
-0.536077618598938,0.4809085428714752,0.4936932921409607
-0.5409556031227112,0.47559747099876404,0.494780570268631
-0.5446140766143799,0.47163811326026917,0.4954434931278229
-0.5493794679641724,0.46634191274642944,0.4959295690059662
-0.5541232824325562,0.46110060811042786,0.49594488739967346
-0.5589118599891663,0.45580244064331055,0.49542051553726196
-0.5625885128974915,0.45183250308036804,0.4948228895664215
-0.5676281452178955,0.4463503658771515,0.49378502368927
-0.5726830363273621,0.44071266055107117,0.4927446246147156
-0.5764805674552917,0.43641433119773865,0.4919453561306
-0.5815159678459167,0.43064209818840027,0.4906274378299713
-0.5862523913383484,0.4247647523880005,0.4890546500682831
-0.5897165536880493,0.42030954360961914,0.48789966106414795
-0.5944797396659851,0.41432827711105347,0.48647597432136536
-0.5992199778556824,0.4083649516105652,0.48526278138160706
-0.6035730242729187,0.40237706899642944,0.48410868644714355
-0.6066218018531799,0.3977612555027008,0.4831199645996094
-0.6105942130088806,0.3915053606033325,0.48172006011009216
-0.6145166754722595,0.38539692759513855,0.48040062189102173
-0.6172823309898376,0.3808991014957428,0.4794777035713196
-0.6206629872322083,0.37500452995300293,0.47854170203208923
-0.6238687038421631,0.3690057396888733,0.4779786765575409
-0.6268705725669861,0.36312761902809143,0.47777584195137024
-0.6297718286514282,0.3571164309978485,0.477841854095459
-0.6317929029464722,0.3525469899177551,0.47796812653541565
-0.6340326070785522,0.34643471240997314,0.4781738519668579
-0.6358107328414917,0.3404213488101959,0.47858408093452454
-0.637114942073822,0.33593645691871643,0.47890418767929077
-0.6389133930206299,0.32987889647483826,0.4793436825275421
-0.6405667662620544,0.3237943947315216,0.47974565625190735
-0.641757607460022,0.31930333375930786,0.4799201786518097
-0.6431571245193481,0.31327903270721436,0.4799642860889435
-0.6445656418800354,0.30720749497413635,0.4795590043067932
-0.6463149785995483,0.3012419641017914,0.47856366634368896
-0.6477805972099304,0.2968764901161194,0.47738897800445557
-0.6497335433959961,0.29083847999572754,0.475480318069458
-0.6518673300743103,0.2846547067165375,0.4730639159679413
-0.6535802483558655,0.2801682651042938,0.47101473808288574
-0.6558017134666443,0.27426669001579285,0.46851181983947754
-0.658039927482605,0.26846808195114136,0.46636533737182617
-0.6598367691040039,0.26409080624580383,0.46502411365509033
-0.6622381210327148,0.2580960988998413,0.4635852873325348
-0.6648344397544861,0.25211432576179504,0.46244269609451294
-0.6668529510498047,0.24750085175037384,0.46175283193588257
-0.6693989634513855,0.24117101728916168,0.4609946310520172
-0.6719906330108643,0.23487016558647156,0.4602869749069214
-0.6746411919593811,0.22851723432540894,0.45964929461479187
-0.676613986492157,0.2237098515033722,0.45915091037750244
-0.6791161894798279,0.21696993708610535,0.45858120918273926
-0.6815459728240967,0.20996461808681488,0.45829591155052185
-0.683943510055542,0.2030273973941803,0.45843976736068726
-0.685610830783844,0.1977406144142151,0.45878395438194275
-0.6877172589302063,0.19037887454032898,0.45933184027671814
-0.6892964243888855,0.18488360941410065,0.45961329340934753
-0.6912088394165039,0.1773815155029297,0.45965147018432617
-0.692832350730896,0.16953501105308533,0.45929327607154846
-0.6941322684288025,0.1616763472557068,0.45884469151496887
-0.6948456764221191,0.15576981008052826,0.45859527587890625
-0.6956296563148499,0.14775493741035461,0.4585151672363281
-0.6964328289031982,0.1396249681711197,0.45866459608078003
-0.6969177722930908,0.1333746463060379,0.4587591290473938
-0.697072446346283,0.12470904737710953,0.45854833722114563
-0.6969531774520874,0.11585242301225662,0.4579039216041565
-0.6968457698822021,0.10917136073112488,0.45731112360954285
-0.6966795325279236,0.10015256702899933,0.4563387930393219
-0.6960824131965637,0.09062287211418152,0.4557540714740753
-0.6953691840171814,0.0833028107881546,0.4556346833705902
-0.6943001747131348,0.07347535341978073,0.4561765491962433
-0.6932415962219238,0.06377984583377838,0.4569246768951416
-0.6917575597763062,0.05383288115262985,0.4574384391307831
-0.6903955340385437,0.04636242240667343,0.4579440653324127
-0.6884791851043701,0.036466795951128006,0.45886993408203125
-0.6863971948623657,0.02672293223440647,0.4599444270133972
-0.6847231388092041,0.01961573399603367,0.4607580006122589
-0.6824808120727539,0.010121469385921955,0.4617067873477936
-0.6801915764808655,0.0007159471279010177,0.46281197667121887
-0.6780816912651062,-0.00832975935190916,0.46394285559654236
-0.6765998601913452,-0.01495407335460186,0.4647729992866516
-0.6745629906654358,-0.023789387196302414,0.4657735228538513
-0.6727753281593323,-0.03251325339078903,0.4668132960796356
-0.6714171767234802,-0.038932036608457565,0.46750184893608093
-0.669517457485199,-0.04751593619585037,0.4681706130504608
-0.667902410030365,-0.05600147321820259,0.46872618794441223
-0.6666346192359924,-0.06440708786249161,0.46925365924835205
-0.6657492518424988,-0.07055744528770447,0.46967875957489014
-0.6645473837852478,-0.07856321334838867,0.47006455063819885
-0.6633517742156982,-0.0865035206079483,0.47046610713005066
-0.6620525121688843,-0.09447506815195084,0.47088906168937683
-0.6612219214439392,-0.1002933457493782,0.47122302651405334
-0.6603579521179199,-0.10790085792541504,0.4716005325317383
-0.659627377986908,-0.11362487822771072,0.4718116819858551
-0.6585028767585754,-0.12116733938455582,0.471979558467865
-0.6574369668960571,-0.12827584147453308,0.4718533158302307
-0.6562051177024841,-0.13526524603366852,0.4715457856655121
-0.6551981568336487,-0.14062312245368958,0.4713175892829895
-0.6540712118148804,-0.14782540500164032,0.4709834158420563
-0.6531729698181152,-0.1549782156944275,0.4705640375614166
-0.6524200439453125,-0.16042335331439972,0.4703335165977478
-0.6513230204582214,-0.16775617003440857,0.4701056480407715
-0.6502657532691956,-0.17509907484054565,0.4698167145252228
-0.6495124697685242,-0.18061363697052002,0.469563364982605
-0.6483733057975769,-0.18805833160877228,0.4693848490715027
-0.6470394134521484,-0.19566164910793304,0.4697515070438385
-0.6455655694007874,-0.20317448675632477,0.47057321667671204
-0.6438418030738831,-0.21055224537849426,0.47159668803215027
-0.6423646211624146,-0.21618323028087616,0.4723450839519501
-0.6402018666267395,-0.22368530929088593,0.4731637239456177
-0.6384599804878235,-0.22932936251163483,0.4735320806503296
-0.6360655426979065,-0.23679688572883606,0.4739997982978821
-0.6334871053695679,-0.24396735429763794,0.4744991064071655
-0.6308003664016724,-0.2510063648223877,0.4747840464115143
-0.6287254691123962,-0.25621646642684937,0.47472506761550903
-0.6260351538658142,-0.26323965191841125,0.4743534326553345
-0.6234211921691895,-0.270348459482193,0.47390931844711304
-0.6207668781280518,-0.27715012431144714,0.4734818637371063
-0.6188756227493286,-0.28210949897766113,0.4733080565929413
-0.6164620518684387,-0.2887726128101349,0.4733274579048157
-0.6139106750488281,-0.2954915463924408,0.47366440296173096
-0.6120672821998596,-0.3004363477230072,0.4740377962589264
-0.6097426414489746,-0.3069441318511963,0.47443872690200806
-0.6073510050773621,-0.31353896856307983,0.4745045602321625
-0.605633020401001,-0.31844067573547363,0.47443920373916626
-0.6034057140350342,-0.3248352110385895,0.4745205342769623
-0.600949227809906,-0.3310512900352478,0.47459876537323
-0.598230242729187,-0.3368339538574219,0.47432661056518555
-0.5961408019065857,-0.34104394912719727,0.4738592505455017
-0.5933666229248047,-0.34652137756347656,0.4732695519924164
-0.5904951691627502,-0.35169121623039246,0.47263428568840027
-0.5882194638252258,-0.3555210828781128,0.4720268249511719
-0.5850285291671753,-0.3603716194629669,0.4708978831768036
-0.5816628336906433,-0.3649013340473175,0.46936824917793274
-0.578260600566864,-0.36920490860939026,0.46773698925971985
-0.5756171941757202,-0.3721282482147217,0.466376930475235
-0.5719009637832642,-0.37567105889320374,0.4644151031970978
-0.5690350532531738,-0.37827301025390625,0.462918758392334
-0.5651114583015442,-0.3816390037536621,0.4606866240501404
-0.5609511137008667,-0.3847283720970154,0.4584982693195343
-0.5576436519622803,-0.3868412971496582,0.4569922685623169
-0.5530005693435669,-0.3893754482269287,0.4551495611667633
-0.5482750535011292,-0.3918394446372986,0.4534529745578766
-0.5434040427207947,-0.39428824186325073,0.452042818069458
-0.5382867455482483,-0.3966042399406433,0.45094984769821167
-0.534303605556488,-0.3983412981033325,0.45031750202178955
-0.5285705924034119,-0.4006919860839844,0.44980549812316895
-0.5240108966827393,-0.40233826637268066,0.44956323504447937
-0.5176995396614075,-0.40447959303855896,0.4495254158973694
-0.51125568151474,-0.4068108797073364,0.4497632682323456
-0.5048261880874634,-0.4092004895210266,0.45016714930534363
-0.49987322092056274,-0.41105547547340393,0.4507000744342804
-0.4930493235588074,-0.413586288690567,0.451620876789093
-0.48605093359947205,-0.4161546528339386,0.45265182852745056
-0.4788975417613983,-0.4190424084663391,0.45395541191101074
-0.4736662209033966,-0.42125120759010315,0.4551101624965668
-0.46689552068710327,-0.42436981201171875,0.4569917321205139
-0.46025753021240234,-0.42789724469184875,0.4593867063522339
-0.4552600681781769,-0.43077415227890015,0.4615599513053894
-0.44872787594795227,-0.4350421130657196,0.46498262882232666
-0.44244810938835144,-0.4396339952945709,0.4687257707118988
-0.4362204968929291,-0.4444772005081177,0.4722011387348175
-0.43147364258766174,-0.4484357237815857,0.47438082098960876
-0.4252459704875946,-0.4541979730129242,0.476871520280838
-0.4191686511039734,-0.4604010581970215,0.4791063666343689
-0.41471433639526367,-0.465249240398407,0.4807093143463135
-0.4088658094406128,-0.4716474711894989,0.48248592019081116
-0.40308746695518494,-0.47794976830482483,0.48344284296035767
-0.39863860607147217,-0.4827856421470642,0.48353415727615356
-0.3926279544830322,-0.48959407210350037,0.48293524980545044
-0.3866340219974518,-0.4960585832595825,0.48145291209220886
-0.38053572177886963,-0.502152144908905,0.47913870215415955
-0.37599825859069824,-0.5064724087715149,0.47699588537216187
-0.3698848783969879,-0.5121005773544312,0.47355765104293823
-0.36393746733665466,-0.5175937414169312,0.47040000557899475
-0.3595174551010132,-0.5214215517044067,0.468612402677536
-0.35363033413887024,-0.525953471660614,0.46668756008148193
-0.3479050397872925,-0.5299407243728638,0.46505647897720337
-0.3435676693916321,-0.5324753522872925,0.4637664258480072
-0.33780544996261597,-0.5354293584823608,0.4618892967700958
-0.33229950070381165,-0.538705587387085,0.4599126875400543
-0.3282789885997772,-0.5413099527359009,0.4581473171710968
-0.3229556679725647,-0.5445466637611389,0.45535555481910706
-0.3175445795059204,-0.5472415685653687,0.45192521810531616
-0.31206801533699036,-0.5498002767562866,0.44805511832237244
-0.3080509603023529,-0.5518456697463989,0.4451588988304138
-0.3026922345161438,-0.5546545386314392,0.4415830969810486
-0.29729488492012024,-0.5577759742736816,0.4382959008216858
-0.291684091091156,-0.5608882308006287,0.43503832817077637
-0.28732743859291077,-0.5630204677581787,0.43262767791748047
-0.2813824415206909,-0.5656272172927856,0.4295792281627655
-0.2754550874233246,-0.5679885149002075,0.4270024001598358
-0.26953789591789246,-0.5702442526817322,0.42519500851631165
-0.2650012671947479,-0.5719754695892334,0.42444804310798645
-0.2592785656452179,-0.5743788480758667,0.4245479106903076
-0.25526535511016846,-0.5760443806648254,0.4253949522972107
-0.24982678890228271,-0.5781504511833191,0.4270985722541809
-0.24446018040180206,-0.5797805786132812,0.42897918820381165
-0.24057285487651825,-0.5809581279754639,0.4302818775177002
-0.23529008030891418,-0.5825547575950623,0.4313928186893463
-0.23034679889678955,-0.584294855594635,0.4322737157344818
-0.2260221242904663,-0.5864192843437195,0.4335261285305023
-0.22293061017990112,-0.5881928205490112,0.4344831705093384
-0.2187764048576355,-0.5905721187591553,0.43564334511756897
-0.21471433341503143,-0.5931205749511719,0.43677639961242676
-0.21204498410224915,-0.5951007008552551,0.437992125749588
-0.20905667543411255,-0.5978285074234009,0.440411776304245
-0.20615749061107635,-0.6007450222969055,0.4430757164955139
-0.2039899379014969,-0.6031591296195984,0.4449990689754486
-0.20126953721046448,-0.6063854694366455,0.4476805627346039
-0.19897876679897308,-0.6093419790267944,0.4503941535949707
-0.19716906547546387,-0.6124848127365112,0.45330357551574707
-0.19578644633293152,-0.6148466467857361,0.4554787278175354
-0.19386830925941467,-0.6177759766578674,0.458235502243042
-0.1920429915189743,-0.6205983757972717,0.46091771125793457
-0.19014479219913483,-0.6232559680938721,0.4628163278102875
-0.18863898515701294,-0.6252629160881042,0.46344274282455444
-0.1865643858909607,-0.6279408931732178,0.46403077244758606
-0.18424630165100098,-0.6303324699401855,0.46472907066345215
-0.1821802705526352,-0.6321141123771667,0.4648566246032715
-0.17904649674892426,-0.6345547437667847,0.4643426835536957
-0.1759137064218521,-0.6373834609985352,0.4630481004714966
-0.17259594798088074,-0.6404660940170288,0.4611121714115143
-0.17000941932201385,-0.6425727605819702,0.4595014750957489
-0.1663580983877182,-0.6450627446174622,0.4576558768749237
-0.16338883340358734,-0.6466515064239502,0.4564901292324066
-0.1591326743364334,-0.6489606499671936,0.4554593563079834
-0.15445420145988464,-0.6511687636375427,0.4549731910228729
-0.1491968184709549,-0.6527886390686035,0.45487600564956665
-0.14353875815868378,-0.654049277305603,0.45565158128738403
-0.13913165032863617,-0.6546648144721985,0.45681214332580566
-0.13273152709007263,-0.655213475227356,0.4584055244922638
-0.1260320395231247,-0.6551672220230103,0.4598647654056549
-0.12084409594535828,-0.6547443866729736,0.4607100188732147
-0.1137581393122673,-0.6539441347122192,0.4615238904953003
-0.10858219116926193,-0.6530601978302002,0.4621259272098541
-0.10155174881219864,-0.6512631773948669,0.46291038393974304
-0.09428234398365021,-0.6490227580070496,0.4637998342514038
-0.08705946803092957,-0.6464894413948059,0.46490320563316345
-0.08188211917877197,-0.6441293954849243,0.46602797508239746
-0.0751354992389679,-0.6406555771827698,0.4674583077430725
-0.06824331730604172,-0.6367470026016235,0.4684971272945404
-0.061012282967567444,-0.6323811411857605,0.46927839517593384
-0.05560845136642456,-0.6288577914237976,0.46973755955696106
-0.04870536923408508,-0.6237672567367554,0.4706052243709564
-0.04209029674530029,-0.6181999444961548,0.4715445339679718
-0.037024907767772675,-0.6140670776367188,0.47246116399765015
-0.02986043505370617,-0.6084902286529541,0.47338464856147766
-0.0225073229521513,-0.6023736000061035,0.47320443391799927
-0.016995936632156372,-0.5975049138069153,0.4725739657878876
-0.009758898057043552,-0.5908763408660889,0.4714045524597168
-0.002805351745337248,-0.5843268036842346,0.4701922833919525
0.00243035308085382,-0.5794380307197571,0.46924713253974915
0.009430290199816227,-0.5730358958244324,0.4677836000919342
0.01628359779715538,-0.5664768218994141,0.46602439880371094
0.022946957498788834,-0.5598494410514832,0.46381232142448425
0.027988962829113007,-0.554803192615509,0.46189671754837036
0.03459598496556282,-0.5484088063240051,0.4591379761695862
0.04102456197142601,-0.5419324040412903,0.45611053705215454
0.04754234477877617,-0.5350001454353333,0.452630877494812
0.052091334015131,-0.5295705199241638,0.45002683997154236
0.0577809140086174,-0.5221554040908813,0.4471744894981384
0.06350499391555786,-0.5146464705467224,0.4451833665370941
0.06785021722316742,-0.5089284181594849,0.4441407322883606
0.07362105697393417,-0.5007192492485046,0.4431168735027313
0.07931090146303177,-0.4921095073223114,0.4426344037055969
0.08346939086914062,-0.4855078160762787,0.4425787627696991
0.08863292634487152,-0.47636711597442627,0.4429876208305359
0.09361325949430466,-0.4669022858142853,0.44380584359169006
0.09841243177652359,-0.45736169815063477,0.4451030492782593
0.10201044380664825,-0.4502413868904114,0.44608810544013977
0.10685092210769653,-0.4409274160861969,0.44719409942626953
0.11147873103618622,-0.4317416548728943,0.4482143223285675
0.11487973481416702,-0.4248104393482208,0.44891494512557983
0.11942646652460098,-0.4155691862106323,0.4497855007648468
0.12398466467857361,-0.40664488077163696,0.4504627585411072
0.1274716556072235,-0.40005603432655334,0.4505975544452667
0.1321343630552292,-0.39153480529785156,0.4507446885108948
0.13662539422512054,-0.3832007050514221,0.45120200514793396
0.13994307816028595,-0.37715432047843933,0.451831191778183
0.14459969103336334,-0.36926406621932983,0.4529106914997101
0.1496947705745697,-0.36167582869529724,0.4538635015487671
0.15484727919101715,-0.3543452322483063,0.4545277953147888
0.15860116481781006,-0.34901881217956543,0.45486512780189514
0.16349570453166962,-0.3421516418457031,0.4552982449531555
0.16834785044193268,-0.33537012338638306,0.4557206630706787
0.17353400588035583,-0.3288034498691559,0.45570889115333557
0.1775045096874237,-0.32401636242866516,0.45508357882499695
0.18261440098285675,-0.3175448477268219,0.453718364238739
0.18778742849826813,-0.3110632598400116,0.45168179273605347
0.1915886551141739,-0.30631908774375916,0.450202077627182
0.19639384746551514,-0.300189346075058,0.4487060010433197
0.2010497748851776,-0.2938068211078644,0.4477549195289612
0.2055819034576416,-0.2874275743961334,0.4472401738166809
0.2090386301279068,-0.2828446328639984,0.4467935562133789
0.21359705924987793,-0.2769436538219452,0.4460085332393646
0.21803951263427734,-0.2711311876773834,0.4451046884059906
0.22129464149475098,-0.26686033606529236,0.4441843628883362
0.22564995288848877,-0.26139384508132935,0.44258758425712585
0.22993126511573792,-0.2562933564186096,0.4410586953163147
0.23315657675266266,-0.2527163326740265,0.43987175822257996
0.23744025826454163,-0.24808020889759064,0.43833479285240173
0.2417200654745102,-0.24378307163715363,0.4370505213737488
0.24488557875156403,-0.2407984584569931,0.43648380041122437
0.2491447478532791,-0.23685778677463531,0.43635094165802
0.2537228763103485,-0.23302221298217773,0.4364128112792969
0.25872284173965454,-0.2292460948228836,0.43618443608283997
0.2624928653240204,-0.2264588177204132,0.4358610212802887
0.2676011025905609,-0.22282598912715912,0.43518903851509094
0.27267590165138245,-0.21923115849494934,0.43461936712265015
0.2765102684497833,-0.21667997539043427,0.43437349796295166
0.281761109828949,-0.21312348544597626,0.43440696597099304
0.2873630225658417,-0.2093830406665802,0.4348364770412445
0.2918328642845154,-0.20652692019939423,0.43516403436660767
0.2980572581291199,-0.2026062160730362,0.4354047477245331
0.3044596314430237,-0.19858674705028534,0.4358041286468506
0.3111713230609894,-0.19463284313678741,0.4362184405326843
0.31835922598838806,-0.1907792091369629,0.43644776940345764
0.3240674138069153,-0.18799054622650146,0.4364093840122223
0.3319648504257202,-0.18429379165172577,0.4360646903514862
0.34001868963241577,-0.18037788569927216,0.43531134724617004
0.3462502062320709,-0.17736469209194183,0.4344818592071533
0.3549165725708008,-0.17321276664733887,0.43329760432243347
0.3615080714225769,-0.16992810368537903,0.4323303699493408
0.37051671743392944,-0.16552813351154327,0.43090206384658813
0.379705011844635,-0.1612640917301178,0.42939770221710205
0.3889431655406952,-0.15688788890838623,0.4278573989868164
0.3958648443222046,-0.15336088836193085,0.4266960918903351
0.4050912857055664,-0.1481790840625763,0.4254051148891449
0.41440680623054504,-0.14269419014453888,0.42437320947647095
0.4214126467704773,-0.13850343227386475,0.42380937933921814
0.4306468665599823,-0.13271859288215637,0.4232107400894165
0.4397841989994049,-0.12673063576221466,0.422539085149765
0.448910653591156,-0.12054726481437683,0.4216318130493164
0.455570250749588,-0.11576139181852341,0.4209056496620178
0.46390485763549805,-0.10909898579120636,0.4202065169811249
0.4718746840953827,-0.10231292992830276,0.419975221157074
0.4796124994754791,-0.0953153744339943,0.42011675238609314
0.4851824641227722,-0.09013056755065918,0.4204131066799164
0.49214059114456177,-0.0831022560596466,0.42084845900535583
0.49861741065979004,-0.0757346898317337,0.42125535011291504
0.5031663775444031,-0.07008780539035797,0.42157256603240967
0.5087432265281677,-0.062475260347127914,0.4221566915512085
0.5138117671012878,-0.05486590415239334,0.42281052470207214
0.5172528624534607,-0.049131330102682114,0.4233628809452057
0.5212405920028687,-0.0416603684425354,0.42416346073150635
0.524726927280426,-0.03406979516148567,0.42472222447395325
0.5276632905006409,-0.026490114629268646,0.4254019558429718
0.5294294953346252,-0.020840827375650406,0.4260391294956207
0.5315210223197937,-0.013186742551624775,0.42688629031181335
0.5328096747398376,-0.007504163775593042,0.42765554785728455
0.534274160861969,-0.00027559639420360327,0.4289560914039612
0.5356112122535706,0.006731156259775162,0.4300149977207184
0.5364406108856201,0.013896445743739605,0.43108320236206055
0.5370429158210754,0.020979097113013268,0.43207648396492004
0.5374606251716614,0.026410069316625595,0.43282657861709595
0.5380391478538513,0.033508531749248505,0.43374624848365784
0.5382315516471863,0.038757987320423126,0.4343871772289276
0.5385128259658813,0.045708902180194855,0.43496015667915344
0.5388309955596924,0.05251317843794823,0.43512794375419617
0.5390201210975647,0.059535447508096695,0.43545961380004883
0.539061427116394,0.06490904837846756,0.43595731258392334
0.5391579270362854,0.07181908190250397,0.43682950735092163
0.5391943454742432,0.07870249450206757,0.4378555715084076
0.5392348170280457,0.0840914249420166,0.4386236071586609
0.539253294467926,0.09128918498754501,0.43924909830093384
0.5392077565193176,0.0983482226729393,0.43931305408477783
0.539124071598053,0.10359051823616028,0.43902719020843506
0.5389242172241211,0.11058013141155243,0.4382709562778473
0.5384377837181091,0.11788812279701233,0.4369316101074219
0.5375205278396606,0.12551435828208923,0.4356483817100525
0.5366767048835754,0.13129189610481262,0.4347727298736572
0.5355436205863953,0.13899153470993042,0.4332789182662964
0.5339275598526001,0.14695769548416138,0.43144869804382324
0.5325114130973816,0.15301835536956787,0.4298645853996277
0.5279731750488281,0.16876713931560516,0.42650172114372253
0.5250266790390015,0.17693553864955902,0.42536166310310364
0.5227992534637451,0.1830308735370636,0.424489289522171
0.5197281241416931,0.19101975858211517,0.42338457703590393
0.5164570212364197,0.19904203712940216,0.42232227325439453
0.5131947994232178,0.20718325674533844,0.4211874306201935
0.5107747912406921,0.21317414939403534,0.420257031917572
0.5073627829551697,0.2211616039276123,0.41963109374046326
0.5047003030776978,0.22710490226745605,0.41988202929496765
0.5014980435371399,0.2348039299249649,0.4210602045059204
0.49859142303466797,0.24268850684165955,0.4228614568710327
0.4959823489189148,0.25088202953338623,0.42513370513916016
0.49423468112945557,0.2568085491657257,0.4270457327365875
0.4922622740268707,0.264655739068985,0.4295678436756134
0.49037039279937744,0.27264323830604553,0.43224844336509705
0.48865821957588196,0.28060129284858704,0.4352838695049286
0.48754629492759705,0.28641456365585327,0.4376019239425659
0.48630470037460327,0.2939794957637787,0.4405825436115265
0.48557862639427185,0.2994310259819031,0.4426492154598236
0.48460859060287476,0.30653220415115356,0.4451507031917572
0.4835680425167084,0.3133722245693207,0.4472777247428894
0.48283153772354126,0.3197867274284363,0.44888705015182495
0.48238998651504517,0.32444384694099426,0.4497655928134918
0.48190417885780334,0.33025431632995605,0.450626403093338
0.4814794361591339,0.33559364080429077,0.4512566328048706
0.48117220401763916,0.3393281400203705,0.45156535506248474
0.4809737503528595,0.344012588262558,0.45171868801116943
0.4809649586677551,0.3483840525150299,0.45144155621528625
0.48104140162467957,0.3514898419380188,0.4509012699127197
0.481128066778183,0.355241596698761,0.450090616941452
0.4811494052410126,0.3584243059158325,0.449237197637558
0.4811626076698303,0.36126816272735596,0.4482318162918091
0.48116469383239746,0.3632166385650635,0.44721582531929016
0.48105931282043457,0.3656844198703766,0.4455435276031494
0.4807618260383606,0.36792227625846863,0.4433516263961792
0.48028966784477234,0.36938419938087463,0.44145503640174866
0.4791897237300873,0.3710156977176666,0.43868550658226013
0.4778139591217041,0.37235093116760254,0.43563640117645264
0.4764074981212616,0.3733813166618347,0.4320235848426819
0.47508469223976135,0.3740350008010864,0.42921778559684753
0.4729779362678528,0.37476348876953125,0.42548343539237976
0.4706866145133972,0.3753405809402466,0.42172545194625854
0.4688258469104767,0.3755005896091461,0.4190432131290436
0.46613064408302307,0.37547004222869873,0.41573429107666016
0.46334773302078247,0.37514159083366394,0.41231200098991394
0.4605304002761841,0.37433725595474243,0.4088820517063141
0.45831894874572754,0.373597651720047,0.40639203786849976
0.45535460114479065,0.37246981263160706,0.4030022621154785
0.45253774523735046,0.37110456824302673,0.3995216190814972
0.44947534799575806,0.36950013041496277,0.3964103162288666
0.447086900472641,0.3683820366859436,0.39433881640434265
0.4439029395580292,0.36687636375427246,0.3919317424297333
0.4405903220176697,0.36532098054885864,0.38998308777809143
0.4381188154220581,0.36439627408981323,0.3889479637145996
0.4346792697906494,0.3634425103664398,0.3883357644081116
0.43094000220298767,0.36260923743247986,0.388465017080307
0.42802339792251587,0.3620970845222473,0.38881418108940125
0.4240665137767792,0.36165496706962585,0.38935163617134094
0.4198797345161438,0.36164945363998413,0.3895651400089264
0.4155738353729248,0.3619265556335449,0.38955727219581604
0.4121086299419403,0.36224719882011414,0.3893567621707916
0.40725651383399963,0.3626585900783539,0.3892193138599396
0.40221959352493286,0.3632805049419403,0.3894332945346832
0.3983370363712311,0.36417675018310547,0.3898419439792633
0.3928329348564148,0.36576390266418457,0.3908543586730957
0.3871375322341919,0.3677087426185608,0.3925473392009735
0.382851779460907,0.3695310354232788,0.39424508810043335
0.37709808349609375,0.37231212854385376,0.39691048860549927
0.37128573656082153,0.37571510672569275,0.3998553454875946
0.36668550968170166,0.3786598742008209,0.4020100235939026
0.36032336950302124,0.38297349214553833,0.4047110378742218
0.35395896434783936,0.38776007294654846,0.40707534551620483
0.3476484715938568,0.3933209776878357,0.4092537760734558
0.3426828980445862,0.39786648750305176,0.41086545586586
0.33591723442077637,0.40421584248542786,0.41304951906204224
0.3295241892337799,0.41115033626556396,0.41499537229537964
0.3249916136264801,0.416847825050354,0.4163411259651184
0.31899452209472656,0.4247114956378937,0.4182974696159363
0.3131394386291504,0.4329606592655182,0.4206940531730652
0.30894601345062256,0.4393971860408783,0.42274680733680725
0.30353713035583496,0.4481940269470215,0.4256061315536499
0.29825684428215027,0.45722872018814087,0.4283011555671692
0.29333677887916565,0.4664945602416992,0.43104925751686096
0.28974807262420654,0.4734262526035309,0.4331875443458557
0.28533437848091125,0.482889860868454,0.43614426255226135
0.2812260389328003,0.4922596514225006,0.4390624761581421
0.2772403061389923,0.5013318061828613,0.44186514616012573
0.2740709185600281,0.5080583095550537,0.4436842203140259
0.26966944336891174,0.5168314576148987,0.4455440640449524
0.26654303073883057,0.5233508348464966,0.44660142064094543
0.26240164041519165,0.5318150520324707,0.4474364221096039
0.2584713101387024,0.5399209260940552,0.4477827250957489
0.2546137571334839,0.5475614666938782,0.4477594196796417
0.250560998916626,0.5548467636108398,0.44749948382377625
0.24744965136051178,0.5602675080299377,0.44711798429489136
0.24321863055229187,0.5671446919441223,0.44636306166648865
0.23986667394638062,0.5720023512840271,0.4455536901950836
0.2352738231420517,0.5781053900718689,0.4437355697154999
0.23059329390525818,0.5838638544082642,0.44100743532180786
0.22580575942993164,0.5889726877212524,0.4373036324977875
0.22219792008399963,0.592623233795166,0.4341835379600525
0.21734696626663208,0.5972927212715149,0.4299730956554413
0.21196889877319336,0.601280152797699,0.4255068302154541
0.2076919972896576,0.6040058135986328,0.42200663685798645
0.20173205435276031,0.6074541211128235,0.4170980751514435
0.1955740600824356,0.6105654239654541,0.4121112525463104
0.19096340239048004,0.6129794716835022,0.4086526930332184
0.18442456424236298,0.6161816120147705,0.4046182930469513
0.17733757197856903,0.6186243295669556,0.4011477530002594
0.1699478030204773,0.6210259199142456,0.39798396825790405
0.164391428232193,0.6229874491691589,0.3958601951599121
0.1571475714445114,0.6256818771362305,0.39355993270874023
0.14983290433883667,0.6285154223442078,0.39202284812927246
0.14413990080356598,0.6305513381958008,0.39120858907699585
0.13671709597110748,0.6331458687782288,0.3906116187572479
0.1296309381723404,0.6357681155204773,0.39018306136131287
0.12237676978111267,0.6382615566253662,0.38993456959724426
0.11683717370033264,0.6401949524879456,0.3896882236003876
0.10977684706449509,0.642578125,0.3892669975757599
0.10301099717617035,0.6448141932487488,0.3887813985347748
0.09780634939670563,0.6462114453315735,0.38844534754753113
0.09097569435834885,0.648037314414978,0.388213187456131
0.08449729532003403,0.6498691439628601,0.3879625201225281
0.07800877839326859,0.6512294411659241,0.38764500617980957
0.0731852725148201,0.6519900560379028,0.38744404911994934
0.06687112152576447,0.6529101133346558,0.3876732587814331
0.06059237942099571,0.653422474861145,0.38820746541023254
0.0560586079955101,0.6537115573883057,0.38879963755607605
0.05016522482037544,0.654100239276886,0.3898828327655792
0.04409635066986084,0.6545100212097168,0.3913749158382416
0.03787711635231972,0.6547966003417969,0.393097847700119
0.03318597003817558,0.6549102067947388,0.3945086598396301
0.026895053684711456,0.6547941565513611,0.3964901864528656
0.020386360585689545,0.6542060375213623,0.39858776330947876
0.015178794972598553,0.6536333560943604,0.400392085313797
0.008083769120275974,0.6528729796409607,0.40322840213775635
0.0009088382939808071,0.6517276167869568,0.4061965048313141
-0.004421197809278965,0.6505779027938843,0.4083375632762909
-0.011244749650359154,0.6486130952835083,0.4116835296154022
-0.01787916198372841,0.646538496017456,0.4156416356563568
-0.024916617199778557,0.6443659663200378,0.41964003443717957
-0.03024027682840824,0.6424409747123718,0.42238467931747437
-0.037097956985235214,0.6395737528800964,0.42554935812950134
-0.043904390186071396,0.636472761631012,0.42829620838165283
-0.050841957330703735,0.6332849860191345,0.43028968572616577
-0.05603402107954025,0.6306557059288025,0.43125393986701965
-0.06294392049312592,0.6269482970237732,0.4321066439151764
-0.0698091983795166,0.623029887676239,0.4327450096607208
-0.07474213093519211,0.6198087930679321,0.43321463465690613
-0.08119739592075348,0.6151863932609558,0.4340761601924896
-0.08777198195457458,0.6104134321212769,0.43517550826072693
-0.09258300811052322,0.6068111062049866,0.43599933385849
-0.09867864847183228,0.60178542137146,0.4371359050273895
-0.10468657314777374,0.5964045524597168,0.43825116753578186
-0.110812708735466,0.5910747647285461,0.4390864968299866
-0.11534132808446884,0.5871028304100037,0.43950164318084717
-0.12125151604413986,0.5817766189575195,0.4397295117378235
-0.12571386992931366,0.5778298377990723,0.43967288732528687
-0.1316554993391037,0.5727649331092834,0.43934062123298645
-0.13747811317443848,0.568061113357544,0.43868955969810486
-0.14340955018997192,0.563682496547699,0.43768253922462463
-0.14798927307128906,0.560579240322113,0.4366784989833832
-0.15405292809009552,0.5566596388816833,0.4351530075073242
-0.16000783443450928,0.5530961155891418,0.433600515127182
-0.1659725159406662,0.5497471690177917,0.4320821762084961
-0.17057693004608154,0.5475507974624634,0.4309362769126892
-0.17674796283245087,0.5450868606567383,0.429356187582016
-0.18143831193447113,0.5434630513191223,0.4280204474925995
-0.18779905140399933,0.5416337251663208,0.4258306920528412
-0.19418048858642578,0.5402244925498962,0.4233454465866089
-0.20058490335941315,0.539009153842926,0.4206468164920807
-0.20541004836559296,0.5382343530654907,0.41854149103164673
-0.21202118694782257,0.5376445055007935,0.4157833158969879
-0.21875472366809845,0.5375445485115051,0.4132236838340759
-0.22536742687225342,0.5377329587936401,0.4109020233154297
-0.23031270503997803,0.5380652546882629,0.40950852632522583
-0.23719234764575958,0.538615882396698,0.4081622362136841
-0.24421600997447968,0.5393929481506348,0.40715864300727844
-0.249498650431633,0.5400384664535522,0.4065912067890167
-0.2638440430164337,0.5423836708068848,0.4056766629219055
-0.26925843954086304,0.5432714223861694,0.40564581751823425
-0.2766024172306061,0.5445500612258911,0.40585023164749146
-0.2838638722896576,0.5458415746688843,0.4065314531326294
-0.2894250452518463,0.5468431711196899,0.4073874354362488
-0.2969967722892761,0.5481773614883423,0.4087296426296234
-0.3046415448188782,0.5496089458465576,0.40983977913856506
-0.3124043047428131,0.5509981513023376,0.4105464518070221
-0.3183840811252594,0.5519344806671143,0.410916268825531
-0.3264514207839966,0.5531205534934998,0.4110506772994995
-0.33457106351852417,0.5542972683906555,0.41074779629707336
-0.3429456651210785,0.5555025339126587,0.41009384393692017
-0.3493064343929291,0.5564237833023071,0.40944334864616394
-0.35784947872161865,0.5576286315917969,0.4084133803844452
-0.36660706996917725,0.5589536428451538,0.40726372599601746
-0.37322890758514404,0.5600271224975586,0.4064681828022003
-0.3818967044353485,0.5616391897201538,0.40553390979766846
-0.39055681228637695,0.5634697079658508,0.40464773774147034
-0.399253249168396,0.5653296709060669,0.4038832485675812
-0.4056367576122284,0.5666564106941223,0.4035138487815857
-0.4139133095741272,0.5683700442314148,0.4032022953033447
-0.4220748543739319,0.5701565742492676,0.40308070182800293
-0.4280564486980438,0.5714899897575378,0.40317657589912415
-0.4358792304992676,0.573097288608551,0.4034963846206665
-0.4434601962566376,0.5745644569396973,0.4039774537086487
-0.4491114020347595,0.5754608511924744,0.40437546372413635
-0.45664167404174805,0.5763029456138611,0.40492063760757446
-0.46401873230934143,0.5768991112709045,0.4053705334663391
-0.4710761606693268,0.5771927833557129,0.40577155351638794
-0.47629982233047485,0.5771749019622803,0.40609654784202576
-0.483159601688385,0.5767924785614014,0.4066563546657562
-0.48819175362586975,0.5762094259262085,0.4071156084537506
-0.49483758211135864,0.5753295421600342,0.4077480435371399
-0.5015397667884827,0.5742093920707703,0.4083586633205414
-0.5082370638847351,0.5726318955421448,0.4089808464050293
-0.5132277011871338,0.5712077617645264,0.4094138741493225
-0.5266905426979065,0.5669538378715515,0.4102742671966553
-0.5317766070365906,0.5650577545166016,0.41043150424957275
-0.5386329889297485,0.5622775554656982,0.41028106212615967
-0.5455208420753479,0.5593199133872986,0.40981629490852356
-0.552334189414978,0.5561258792877197,0.409193217754364
-0.5573889017105103,0.5535247921943665,0.40866997838020325
-0.5639739632606506,0.5499090552330017,0.4081535339355469
-0.570595383644104,0.546084463596344,0.40786266326904297
-0.5755274295806885,0.5431103110313416,0.40747225284576416
-0.5819703936576843,0.5391512513160706,0.40676912665367126
-0.5884571671485901,0.5352908372879028,0.40584859251976013
-0.5949287414550781,0.5312548875808716,0.40457093715667725
-0.5996596813201904,0.5281580686569214,0.4034523367881775
-0.6058790683746338,0.523978054523468,0.4017828702926636
-0.6120110750198364,0.5197736024856567,0.3999992311000824
-0.6179186701774597,0.5155682563781738,0.3981456160545349
-0.622297465801239,0.5125192999839783,0.3965938687324524
-0.627983570098877,0.5084961652755737,0.39470335841178894
-0.6334808468818665,0.5044633746147156,0.39311134815216064
-0.6374844312667847,0.5015256404876709,0.3920152187347412
-0.6427090167999268,0.4974852204322815,0.39053142070770264
-0.6476612091064453,0.49343937635421753,0.3889690339565277
-0.6511765718460083,0.49038708209991455,0.387760192155838
-0.6557875275611877,0.48622462153434753,0.38612672686576843
-0.6604060530662537,0.4821416139602661,0.3845996558666229
-0.6638538837432861,0.4790754020214081,0.3835757076740265
-0.668403685092926,0.47480177879333496,0.38232237100601196
-0.6725188493728638,0.47041434049606323,0.3812151849269867
-0.6753919720649719,0.4669802784919739,0.3806943893432617
-0.6790754795074463,0.46204522252082825,0.38058504462242126
-0.6826891303062439,0.45681148767471313,0.38083723187446594
-0.6853442192077637,0.45270848274230957,0.38089972734451294
-0.6887885332107544,0.4470248222351074,0.3806615471839905
-0.6922441720962524,0.44118732213974,0.38020971417427063
-0.6955293416976929,0.4351433515548706,0.379411518573761
-0.6983398199081421,0.42901676893234253,0.37845340371131897
-0.7004163861274719,0.4242696464061737,0.3778671324253082
-0.7033832669258118,0.41773009300231934,0.37725549936294556
-0.7063773274421692,0.41110992431640625,0.37656742334365845
-0.7084243297576904,0.4062049090862274,0.37602221965789795
-0.711146891117096,0.3995983302593231,0.37538543343544006
-0.7138970494270325,0.392951637506485,0.37487101554870605
-0.7159652709960938,0.3879617750644684,0.37456029653549194
-0.7187785506248474,0.38142287731170654,0.3741295039653778
-0.7218283414840698,0.3748423457145691,0.3737315237522125
-0.7250902056694031,0.3681720793247223,0.37312987446784973
-0.7275219559669495,0.36322590708732605,0.3725741505622864
-0.7307641506195068,0.35687196254730225,0.3718826174736023
-0.7340112924575806,0.3506695032119751,0.3712840676307678
-0.7364694476127625,0.3460538983345032,0.37097078561782837
-0.739948034286499,0.3396915793418884,0.37058281898498535
-0.743366003036499,0.3331429064273834,0.3703118562698364
-0.7457640767097473,0.3282206654548645,0.370465487241745
-0.7490289807319641,0.32193219661712646,0.371184766292572
-0.7525171637535095,0.31552591919898987,0.37205561995506287
-0.7551968097686768,0.3105933666229248,0.37257224321365356
-0.7588375210762024,0.30392488837242126,0.37277233600616455
-0.7625574469566345,0.2972993850708008,0.37242773175239563
-0.7664781808853149,0.29073381423950195,0.371547132730484
-0.7696167826652527,0.28580328822135925,0.37050172686576843
-0.7738140225410461,0.27932220697402954,0.36876022815704346
-0.7780417203903198,0.27298280596733093,0.36690276861190796
-0.7812692523002625,0.2682008743286133,0.36566057801246643
-0.7854470014572144,0.26190897822380066,0.36435484886169434
-0.7896196842193604,0.2556920051574707,0.36352086067199707
-0.7928490042686462,0.2510105073451996,0.3631907105445862
-0.7971505522727966,0.2449486404657364,0.3630194067955017
-0.8013440370559692,0.23910319805145264,0.36297255754470825
-0.8053814172744751,0.23348459601402283,0.36313119530677795
-0.8083487749099731,0.22926567494869232,0.3633735477924347
-0.8122779726982117,0.22356410324573517,0.36416974663734436
-0.815998375415802,0.21774595975875854,0.3654148280620575
-0.8195324540138245,0.21192343533039093,0.366698294878006
-0.8222264051437378,0.207468181848526,0.36757585406303406
-0.8259737491607666,0.20165042579174042,0.36868196725845337
-0.8297827839851379,0.19593042135238647,0.36977866291999817
-0.8335500359535217,0.19020985066890717,0.37060463428497314
-0.8360406756401062,0.18564781546592712,0.3712214529514313
-0.8391368985176086,0.17927715182304382,0.372211217880249
-0.8416292667388916,0.17447786033153534,0.372952401638031
-0.8450755476951599,0.1680174320936203,0.3734702169895172
-0.8482577800750732,0.16133984923362732,0.37326470017433167
-0.8503815531730652,0.15625368058681488,0.37273818254470825
-0.8530396223068237,0.14938269555568695,0.3718738257884979
-0.855491578578949,0.14226354658603668,0.3707629144191742
-0.8578541874885559,0.13481733202934265,0.36931678652763367
-0.8595671653747559,0.12905707955360413,0.3679676353931427
-0.8614152073860168,0.12128287553787231,0.3659733831882477
-0.8626330494880676,0.11314810067415237,0.3641374111175537
-0.863152801990509,0.10685914009809494,0.3629317283630371
-0.8635378479957581,0.09840073436498642,0.36155930161476135
-0.8639099597930908,0.0898468866944313,0.36022257804870605
-0.8639560341835022,0.08117694407701492,0.3587685227394104
-0.8636836409568787,0.07453721016645432,0.35756874084472656
-0.8629323840141296,0.06547459214925766,0.3560130298137665
-0.8619630932807922,0.05645705759525299,0.3546915352344513
-0.8610884547233582,0.047489192336797714,0.35371801257133484
-0.8604082465171814,0.04075607657432556,0.3531739115715027
-0.8593565225601196,0.031805410981178284,0.352328360080719
-0.8581733703613281,0.022997746244072914,0.3511562645435333
-0.8573583364486694,0.01654791459441185,0.3499504029750824
-0.8564051389694214,0.008242725394666195,0.3476238548755646
-0.8555185794830322,-3.9609243685845286e-05,0.34443598985671997
-0.8548417091369629,-0.006183467339724302,0.3416689932346344
-0.8539519309997559,-0.014048832468688488,0.3378564119338989
-0.852961540222168,-0.02187785506248474,0.33428290486335754
-0.8515191078186035,-0.029465017840266228,0.3312692940235138
-0.8502711057662964,-0.03501163050532341,0.32944104075431824
-0.8484545350074768,-0.042327940464019775,0.32743915915489197
-0.8469835519790649,-0.047852907329797745,0.3261221647262573
-0.8446044325828552,-0.05533992126584053,0.32469770312309265
-0.8420886397361755,-0.06275033205747604,0.3236052691936493
-0.839543342590332,-0.07005225121974945,0.32252588868141174
-0.8374689221382141,-0.07535095512866974,0.3214932680130005
-0.8344476222991943,-0.08232493698596954,0.31998077034950256
-0.8311968445777893,-0.08932459354400635,0.31861135363578796
-0.8287656307220459,-0.09439628571271896,0.317470520734787
-0.8255264163017273,-0.10109446942806244,0.31573086977005005
-0.8222407102584839,-0.1076216846704483,0.3136883080005646
-0.8197345733642578,-0.11244123429059982,0.31203988194465637
-0.8155166506767273,-0.1201569214463234,0.30920588970184326
-0.8129387497901917,-0.1245218813419342,0.3074113130569458
-0.8093015551567078,-0.1301785260438919,0.3050801753997803
-0.8062527775764465,-0.1345677524805069,0.3035047948360443
-0.8018860816955566,-0.1404837816953659,0.3018711805343628
-0.7972676157951355,-0.14572088420391083,0.30070173740386963
-0.7923293113708496,-0.15093426406383514,0.3000015318393707
-0.7883692979812622,-0.1548113226890564,0.2997298836708069
-0.7829122543334961,-0.15979140996932983,0.2997078597545624
-0.777192234992981,-0.16428020596504211,0.29979997873306274
-0.7726699709892273,-0.16744062304496765,0.2997173070907593
-0.7665584683418274,-0.17157697677612305,0.29970747232437134
-0.7604415416717529,-0.17560702562332153,0.3001292049884796
-0.7541837692260742,-0.17914485931396484,0.30098748207092285
-0.7495784163475037,-0.18163059651851654,0.30187469720840454
-0.7433935403823853,-0.18484747409820557,0.3032500743865967
-0.7386000156402588,-0.18698380887508392,0.3040718138217926
-0.7320341467857361,-0.18960082530975342,0.3049338757991791
-0.7255324125289917,-0.19209638237953186,0.3056817650794983
-0.7191192507743835,-0.19434566795825958,0.30640146136283875
-0.7143189907073975,-0.196000337600708,0.3067585527896881
-0.7079199552536011,-0.19825121760368347,0.30704012513160706
-0.7014439105987549,-0.20056957006454468,0.30720704793930054
-0.6966130137443542,-0.20229139924049377,0.3073827922344208
-0.6899665594100952,-0.20427358150482178,0.30716365575790405
-0.6832476258277893,-0.2062545120716095,0.3063124120235443
-0.6766154170036316,-0.20838965475559235,0.3048865795135498
-0.6714702844619751,-0.21004535257816315,0.30334049463272095
-0.6645917892456055,-0.2124108225107193,0.30046015977859497
-0.657950758934021,-0.2149970829486847,0.2968440055847168
-0.6516293287277222,-0.21792328357696533,0.29274678230285645
-0.6469622850418091,-0.2204381376504898,0.28953760862350464
-0.6407366991043091,-0.22415362298488617,0.2850648760795593
-0.636034369468689,-0.22719284892082214,0.28155702352523804
-0.6297628283500671,-0.2319018393754959,0.2768488824367523
-0.6234694719314575,-0.23726589977741241,0.271559476852417
-0.6173221468925476,-0.24336160719394684,0.26629552245140076
-0.6108807921409607,-0.24999821186065674,0.26022905111312866
-0.6058759689331055,-0.2552614212036133,0.2551806569099426
-0.5990539193153381,-0.26274409890174866,0.2480006217956543
-0.5938733816146851,-0.26894161105155945,0.2427985519170761
-0.5867650508880615,-0.27791163325309753,0.23637011647224426
-0.5794017910957336,-0.2872622013092041,0.23035520315170288
-0.5719007849693298,-0.2968413233757019,0.22490383684635162
-0.5661697387695312,-0.3038719594478607,0.22135882079601288
-0.5583371520042419,-0.3133419156074524,0.21715955436229706
-0.5502102971076965,-0.32316604256629944,0.21354594826698303
-0.5441670417785645,-0.33067137002944946,0.21130509674549103
-0.5365220308303833,-0.34056946635246277,0.20897339284420013
-0.529406726360321,-0.35000911355018616,0.20759320259094238
-0.5242219567298889,-0.35702449083328247,0.2071094810962677
-0.517243504524231,-0.3662038743495941,0.20673006772994995
-0.5047520399093628,-0.3824956715106964,0.20682606101036072
-0.4990484416484833,-0.3898548185825348,0.2071390151977539
-0.49523091316223145,-0.39495810866355896,0.20769257843494415
-0.49063313007354736,-0.4009642004966736,0.20902937650680542
-0.4862551987171173,-0.40607574582099915,0.21074005961418152
-0.48309028148651123,-0.4092739522457123,0.21232038736343384
-0.47892308235168457,-0.4128721058368683,0.21462073922157288
-0.47486892342567444,-0.41570746898651123,0.2166113704442978
-0.4720430076122284,-0.4173997640609741,0.21771739423274994
-0.46862828731536865,-0.41912832856178284,0.2190529853105545
-0.46560123562812805,-0.4205978810787201,0.22114726901054382
-0.4634655714035034,-0.4214308559894562,0.22281542420387268
-0.46072375774383545,-0.42218539118766785,0.22445708513259888
-0.45812928676605225,-0.4225485324859619,0.22529177367687225
-0.4557400047779083,-0.4223434329032898,0.22558099031448364
-0.45405104756355286,-0.4220856726169586,0.22570402920246124
-0.4521125257015228,-0.42181462049484253,0.2261480689048767
-0.4507067799568176,-0.42162275314331055,0.22727534174919128
-0.44982442259788513,-0.4214321970939636,0.2285914272069931
-0.44866234064102173,-0.4212750196456909,0.2305210828781128
-0.4476250112056732,-0.4211527705192566,0.2323928326368332
-0.44707760214805603,-0.4210674464702606,0.2337236851453781
-0.44680964946746826,-0.4210083484649658,0.23572410643100739
-0.44692912697792053,-0.42116886377334595,0.2381417602300644
-0.4470284879207611,-0.4215083718299866,0.24052013456821442
-0.44695499539375305,-0.4218751788139343,0.24215123057365417
-0.4467717111110687,-0.42257633805274963,0.24411213397979736
-0.4465422034263611,-0.4234245717525482,0.24581179022789001
-0.4463757574558258,-0.42418143153190613,0.2468707114458084
-0.4461142420768738,-0.42534956336021423,0.24828310310840607
-0.4453391432762146,-0.42658933997154236,0.24978911876678467
-0.4440801739692688,-0.4279438257217407,0.25178262591362
-0.44283774495124817,-0.4289472997188568,0.25355416536331177
-0.44065436720848083,-0.43025973439216614,0.25605714321136475
-0.437953382730484,-0.4315549433231354,0.25868603587150574
-0.4356014132499695,-0.4325487017631531,0.2605593502521515
-0.43210312724113464,-0.43392321467399597,0.2628251016139984
-0.4281634986400604,-0.4351361393928528,0.2653951346874237
-0.42475658655166626,-0.4358465075492859,0.2676383852958679
-0.41970422863960266,-0.4367232620716095,0.27111974358558655
-0.4140627682209015,-0.4375503957271576,0.27498671412467957
-0.40756964683532715,-0.4381295144557953,0.279140830039978
-0.4022867679595947,-0.43843355774879456,0.28247329592704773
-0.3948501944541931,-0.438495934009552,0.2872680127620697
-0.38696491718292236,-0.4383426010608673,0.2923906445503235
-0.37883514165878296,-0.43811142444610596,0.2977796196937561
-0.37231823801994324,-0.4377152919769287,0.3019633889198303
-0.36312565207481384,-0.43685293197631836,0.30767518281936646
-0.353643536567688,-0.4359687864780426,0.3133912980556488
-0.3464473485946655,-0.4352928698062897,0.3174484670162201
-0.3365820348262787,-0.4343172311782837,0.3224138617515564
-0.32651659846305847,-0.4331819415092468,0.32672959566116333
-0.31898486614227295,-0.4322357475757599,0.32946068048477173
-0.3091282248497009,-0.43088775873184204,0.3324313759803772
-0.299581378698349,-0.42931777238845825,0.3345783054828644
-0.2924821078777313,-0.42803075909614563,0.33569100499153137
-0.28304943442344666,-0.42623209953308105,0.3364923894405365
-0.2739650011062622,-0.424385130405426,0.3366048038005829
-0.2656043469905853,-0.4226462244987488,0.33667632937431335
-0.2597746253013611,-0.4215402901172638,0.33673492074012756
-0.2524632513523102,-0.4200775921344757,0.33661073446273804
-0.24581173062324524,-0.4184456765651703,0.3361010253429413
-0.24133357405662537,-0.41732388734817505,0.335562527179718
-0.23584817349910736,-0.41577842831611633,0.334403395652771
-0.2309919148683548,-0.4143903851509094,0.3330710530281067
-0.22771777212619781,-0.41349852085113525,0.3318197429180145
-0.2237948328256607,-0.4123721420764923,0.3297186493873596
-0.2203657031059265,-0.41128262877464294,0.32739025354385376
-0.2180425077676773,-0.41045644879341125,0.3255797326564789
-0.21513734757900238,-0.4094788730144501,0.32307642698287964
-0.2123296558856964,-0.4086139500141144,0.32056957483291626
-0.2094733566045761,-0.40772783756256104,0.31790924072265625
-0.20726551115512848,-0.4069848656654358,0.31580284237861633
-0.2042420357465744,-0.4059887230396271,0.31308209896087646
-0.20102278888225555,-0.40500086545944214,0.31026721000671387
-0.19837293028831482,-0.4042435586452484,0.3079315721988678
-0.19448122382164001,-0.40323808789253235,0.3043568432331085
-0.1902143657207489,-0.40215936303138733,0.30044126510620117
-0.18559318780899048,-0.40096038579940796,0.296374648809433
-0.1818217635154724,-0.3999789357185364,0.29326269030570984
-0.17631585896015167,-0.3986770808696747,0.2890361249446869
-0.17034503817558289,-0.3973756730556488,0.2845805585384369
-0.16554853320121765,-0.3963378667831421,0.28103429079055786
-0.15870800614356995,-0.39490264654159546,0.276001900434494
-0.1513528823852539,-0.39349600672721863,0.27069053053855896
-0.14361681044101715,-0.3920154869556427,0.26491835713386536
-0.13745088875293732,-0.3908524513244629,0.2603425979614258
-0.12897512316703796,-0.3892909586429596,0.25427040457725525
-0.12015341222286224,-0.38783761858940125,0.24836231768131256
-0.11338590085506439,-0.38657185435295105,0.24377042055130005
-0.10435036569833755,-0.3840413987636566,0.23697765171527863
-0.0954420268535614,-0.38078776001930237,0.229461669921875
-0.08883359283208847,-0.37811073660850525,0.22360007464885712
-0.08031538128852844,-0.37412482500076294,0.2154316008090973
-0.0721903145313263,-0.3693181276321411,0.20688585937023163
-0.06453986465930939,-0.3635386526584625,0.19802094995975494
-0.059179965406656265,-0.3584752678871155,0.1911652535200119
-0.052685003727674484,-0.35079425573349,0.18181608617305756
-0.04718286916613579,-0.34223759174346924,0.17226816713809967
-0.043761976063251495,-0.33506423234939575,0.1650160849094391
-0.04015745222568512,-0.32447609305381775,0.15511848032474518
-0.037729933857917786,-0.31282246112823486,0.14504402875900269
-0.03657958656549454,-0.3001207113265991,0.13512519001960754
-0.03648887574672699,-0.2899399995803833,0.12797661125659943
-0.03747245669364929,-0.2750944197177887,0.11879338324069977
-0.03944773972034454,-0.25894874334335327,0.11017841100692749
-0.04148140549659729,-0.2461518943309784,0.1041489765048027
-0.045097216963768005,-0.22811684012413025,0.09674104303121567
-0.04879641905426979,-0.2100912183523178,0.09187718480825424
-0.05237453430891037,-0.19260087609291077,0.089895099401474
-0.055648718029260635,-0.1785741001367569,0.08836615830659866
-0.06053643301129341,-0.15916267037391663,0.0865955576300621
-0.0654028132557869,-0.13966448605060577,0.08668424934148788
-0.06933033466339111,-0.12457790225744247,0.08723713457584381
-0.07499009370803833,-0.10381323844194412,0.08838725090026855
-0.08101820945739746,-0.08242368698120117,0.0901082381606102
-0.08574122935533524,-0.06610510498285294,0.09172476083040237
-0.09236472845077515,-0.04384196549654007,0.09451371431350708
-0.09926027059555054,-0.021308088675141335,0.09792636334896088
-0.10470867902040482,-0.004268251359462738,0.10086335241794586
-0.11232372373342514,0.018691908568143845,0.10523589700460434
-0.12021595239639282,0.04195067286491394,0.11001823097467422
-0.12623420357704163,0.0594664141535759,0.11365190148353577
-0.13443994522094727,0.08286821097135544,0.11838852614164352
-0.14284951984882355,0.10603085905313492,0.12270858138799667
-0.15144255757331848,0.1288466453552246,0.12637536227703094
-0.16000162065029144,0.15115289390087128,0.12920735776424408
-0.16632865369319916,0.16754767298698425,0.13080909848213196
-0.1747261881828308,0.18906955420970917,0.13216640055179596
-0.18099276721477509,0.20482319593429565,0.132655531167984
-0.1892177015542984,0.22526004910469055,0.13255682587623596
-0.19723327457904816,0.24479001760482788,0.13169986009597778
-0.2050478160381317,0.2635202705860138,0.13041824102401733
-0.2106298953294754,0.2769998610019684,0.1290898472070694
-0.2177782952785492,0.29411742091178894,0.12686245143413544
-0.22459709644317627,0.31036531925201416,0.12437677383422852
-0.22948569059371948,0.32199472188949585,0.12253317981958389
-0.23567575216293335,0.33651202917099,0.12005387246608734
-0.24149125814437866,0.35016781091690063,0.11766543239355087
-0.24692022800445557,0.36272433400154114,0.11520715802907944
-0.25062745809555054,0.37150323390960693,0.11396219581365585
-0.25466346740722656,0.3825104236602783,0.11371689289808273
-0.2583068609237671,0.39171290397644043,0.1131184846162796
-0.2605469822883606,0.3980238437652588,0.11345207691192627
-0.26312100887298584,0.40542206168174744,0.11422572284936905
-0.2655051350593567,0.4119756519794464,0.11519163101911545
-0.26748189330101013,0.4177611768245697,0.1164143979549408
-0.26882439851760864,0.42147526144981384,0.11728011816740036
-0.2704960107803345,0.4258789122104645,0.11826301366090775
-0.2720212936401367,0.4294046461582184,0.11891631782054901
-0.2730257511138916,0.431517094373703,0.1193212941288948
-0.2742341160774231,0.43373769521713257,0.11990410089492798
-0.2753222584724426,0.43503859639167786,0.12037799507379532
-0.27593618631362915,0.43534794449806213,0.12086598575115204
-0.2764584422111511,0.4348428547382355,0.1216169074177742
-0.27676814794540405,0.4334375560283661,0.12221119552850723
-0.2768172025680542,0.4319252371788025,0.12252741307020187
-0.27671733498573303,0.42946475744247437,0.12280051410198212
-0.27667170763015747,0.42643558979034424,0.1230296716094017
-0.2768271565437317,0.42282021045684814,0.12306790053844452
-0.2770344614982605,0.4198382496833801,0.12303172051906586
-0.2773096561431885,0.41550397872924805,0.12283763289451599
-0.2777933180332184,0.4107053875923157,0.12261033803224564
-0.27783918380737305,0.40604472160339355,0.12336192280054092
-0.27776142954826355,0.40240100026130676,0.12402315437793732
-0.277872771024704,0.39725181460380554,0.12445779889822006
-0.2779710590839386,0.39217227697372437,0.12445956468582153
-0.27822691202163696,0.38839682936668396,0.12430371344089508
-0.27882084250450134,0.3832802176475525,0.12415905296802521
-0.27959251403808594,0.3779577314853668,0.12391805648803711
-0.2801869511604309,0.37396499514579773,0.12381940335035324
-0.2804962396621704,0.3693307340145111,0.12428874522447586
-0.28067710995674133,0.36477163434028625,0.12454480677843094
-0.2807508111000061,0.36153024435043335,0.12448348104953766
-0.2809976637363434,0.35740187764167786,0.12405964732170105
-0.2812299430370331,0.3532813787460327,0.12324482947587967
-0.28136593103408813,0.34967488050460815,0.12277322262525558
-0.2813754081726074,0.34736648201942444,0.12258473038673401
-0.28138095140457153,0.3447227478027344,0.12236783653497696
-0.2813760042190552,0.34251725673675537,0.12235687673091888
-0.2814917266368866,0.34105250239372253,0.12219046801328659
-0.2818695604801178,0.33953505754470825,0.12178708612918854
-0.2822258472442627,0.33848050236701965,0.12122425436973572
-0.28255242109298706,0.3378464877605438,0.12042254209518433
-0.2828008532524109,0.3375667333602905,0.12013427168130875
-0.28330543637275696,0.33734989166259766,0.12014134973287582
-0.28398939967155457,0.3370225727558136,0.12029232084751129
-0.2847307324409485,0.33679816126823425,0.12037144601345062
-0.28582021594047546,0.33683496713638306,0.12037641555070877
-0.28712108731269836,0.3370474576950073,0.12021961063146591
-0.28834590315818787,0.33774060010910034,0.12031383812427521
-0.28942248225212097,0.3382641673088074,0.12029239535331726
-0.2907612919807434,0.33926039934158325,0.12042524665594101
-0.2918543219566345,0.3402695059776306,0.12077870219945908
-0.29260432720184326,0.34089431166648865,0.12096282094717026
-0.29363805055618286,0.34150826930999756,0.12098996341228485
-0.2946426272392273,0.34222209453582764,0.12100794911384583
-0.2955470383167267,0.3428887128829956,0.12112769484519958
-0.2962505519390106,0.34337466955184937,0.1211153194308281
-0.2971641421318054,0.3442104160785675,0.12118755280971527
-0.29803064465522766,0.34515419602394104,0.1213729977607727
-0.29872024059295654,0.3458116054534912,0.12143483012914658
-0.29956090450286865,0.34669259190559387,0.12147384881973267
-0.3005697727203369,0.347347617149353,0.121236652135849
-0.3014044165611267,0.34790685772895813,0.12092741578817368
-0.3023132085800171,0.34868142008781433,0.12053263932466507
-0.3031383752822876,0.34932076930999756,0.1198011264204979
-0.3036428987979889,0.3499411344528198,0.11919694393873215
-0.30418887734413147,0.3506719470024109,0.11833691596984863
-0.30445513129234314,0.35138243436813354,0.11783671379089355
-0.3044146001338959,0.35208672285079956,0.11776134371757507
-0.3042735457420349,0.3523292541503906,0.11768300086259842
-0.3042164146900177,0.35272878408432007,0.11741387099027634
-0.304099977016449,0.35332736372947693,0.11696115136146545
-0.3039001226425171,0.3538902997970581,0.1167396530508995
-0.3036458492279053,0.35465070605278015,0.11649589240550995
-0.30333754420280457,0.355425089597702,0.11625970155000687
-0.30300474166870117,0.3559483587741852,0.11646668612957001
-0.3029472529888153,0.35606467723846436,0.11701459437608719
-0.303143173456192,0.35601329803466797,0.1178421676158905
-0.30343326926231384,0.35596978664398193,0.11872890591621399
-0.3034992814064026,0.3558749556541443,0.11941531300544739
-0.30347660183906555,0.35554444789886475,0.12049901485443115
-0.3036256730556488,0.3551306128501892,0.12161418050527573
-0.3040001094341278,0.3550066351890564,0.12254413217306137
-0.3044426441192627,0.35513588786125183,0.12315559387207031
-0.30506715178489685,0.35542070865631104,0.12381287664175034
-0.3054250180721283,0.35565420985221863,0.12429535388946533
-0.3058053255081177,0.355713814496994,0.12501053512096405
-0.3054506182670593,0.35618191957473755,0.12412484735250473
-0.3020739257335663,0.36016926169395447,0.12000460922718048
-0.2999891936779022,0.3663644790649414,0.11752840876579285
-0.30021369457244873,0.3674708306789398,0.11775104701519012
-0.30062657594680786,0.36974620819091797,0.1171785369515419
-0.30175891518592834,0.37174752354621887,0.11678697168827057
-0.3021603226661682,0.3731052279472351,0.11655614525079727
-0.3027229309082031,0.37496548891067505,0.11626023799180984
-0.3037267327308655,0.3768455684185028,0.11602907627820969
-0.30446532368659973,0.3786972165107727,0.11586643755435944
-0.3051246106624603,0.38005685806274414,0.11581497639417648
-0.30617326498031616,0.38186633586883545,0.11580967903137207
-0.3068188726902008,0.3832224905490875,0.11583492904901505
-0.30780455470085144,0.38501226902008057,0.11591660976409912
-0.30886414647102356,0.3867626488208771,0.11606205999851227
-0.30978915095329285,0.3884698152542114,0.116313137114048
-0.310600608587265,0.38972821831703186,0.11649566888809204
-0.3116428554058075,0.39134934544563293,0.11679726094007492
-0.31262218952178955,0.3929002285003662,0.1171191930770874
-0.31339704990386963,0.39404773712158203,0.11741308867931366
-0.31439507007598877,0.3955134153366089,0.11782684177160263
-0.31539714336395264,0.39691561460494995,0.11827930808067322
-0.31635811924934387,0.398236483335495,0.11874139308929443
-0.31704652309417725,0.39914268255233765,0.11912865191698074
-0.317930668592453,0.4002856910228729,0.1196955144405365
-0.31884530186653137,0.4013917148113251,0.1202472522854805
-0.31950488686561584,0.4021475911140442,0.12068439275026321
-0.32035917043685913,0.4031682312488556,0.12124194204807281
-0.32114654779434204,0.4040963053703308,0.12178882956504822
-0.3218590021133423,0.40494275093078613,0.1223675012588501
-0.32243800163269043,0.40554866194725037,0.12278054654598236
-0.32313573360443115,0.4063591957092285,0.12332355976104736
-0.3236074447631836,0.40691235661506653,0.12374839931726456
-0.3241783380508423,0.4074898660182953,0.12435048818588257
-0.3246656060218811,0.4079032838344574,0.1249464824795723
-0.3251085877418518,0.40822529792785645,0.12552553415298462
-0.32536444067955017,0.40841853618621826,0.12593486905097961
-0.32568344473838806,0.4085814654827118,0.12647388875484467
-0.32594501972198486,0.40867897868156433,0.1269996464252472
-0.3261898458003998,0.4087873697280884,0.12752635776996613
-0.3263629376888275,0.4088304340839386,0.1279047727584839
-0.3265139162540436,0.40883681178092957,0.12840202450752258
-0.32667189836502075,0.4087922275066376,0.12889045476913452
-0.32676008343696594,0.40875139832496643,0.12925702333450317
-0.3268512487411499,0.408651202917099,0.1297411471605301
-0.3269326090812683,0.4085018038749695,0.1301838457584381
-0.32689180970191956,0.40834397077560425,0.13050170242786407
-0.3267788887023926,0.40795862674713135,0.1308896392583847
-0.3265637755393982,0.40739864110946655,0.13124172389507294
-0.32631364464759827,0.4069443643093109,0.13150493800640106
-0.32602235674858093,0.406305193901062,0.13188324868679047
-0.3256084620952606,0.4055536985397339,0.13223782181739807
-0.3252582848072052,0.4049711227416992,0.13248999416828156
-0.32485538721084595,0.40419283509254456,0.13282586634159088
-0.32433852553367615,0.4033709764480591,0.13314971327781677
-0.3238712251186371,0.40250852704048157,0.1334501951932907
-0.32335248589515686,0.4015902876853943,0.13373276591300964
-0.32294484972953796,0.4009222984313965,0.13393105566501617
-0.3224864900112152,0.40001651644706726,0.13419967889785767
-0.32204440236091614,0.39926308393478394,0.13438576459884644
-0.32148975133895874,0.39830824732780457,0.13463133573532104
-0.320978045463562,0.39735376834869385,0.1348762810230255
-0.3203909993171692,0.396415114402771,0.13508090376853943
-0.3200075626373291,0.3956959545612335,0.13520674407482147
